Unnamed: 0,left_hip_x,left_hip_y,left_hip_z,right_hip_x,right_hip_y,right_hip_z,spine1_x,spine1_y,spine1_z,left_knee_x,left_knee_y,left_knee_z,right_knee_x,right_knee_y,right_knee_z,spine2_x,spine2_y,spine2_z,left_ankle_x,left_ankle_y,left_ankle_z,right_ankle_x,right_ankle_y,right_ankle_z,spine3_x,spine3_y,spine3_z,left_foot_x,left_foot_y,left_foot_z,right_foot_x,right_foot_y,right_foot_z,neck_x,neck_y,neck_z,left_collar_x,left_collar_y,left_collar_z,right_collar_x,right_collar_y,right_collar_z,head_x,head_y,head_z,left_shoulder_x,left_shoulder_y,left_shoulder_z,right_shoulder_x,right_shoulder_y,right_shoulder_z,left_elbow_x,left_elbow_y,left_elbow_z,right_elbow_x,right_elbow_y,right_elbow_z,left_wrist_x,left_wrist_y,left_wrist_z,right_wrist_x,right_wrist_y,right_wrist_z,left_hand_x,left_hand_y,left_hand_z,right_hand_x,right_hand_y,right_hand_z,right_touch,left_touch
0.0,-0.5369241934179976,-0.0046056470170225,0.2152821447754734,0.1898128796355057,-0.1048467498843643,-0.2921970673642259,0.1680838925926033,0.170794266949565,0.0072584313546025,0.3075701913074344,-0.0606729989961363,-0.0286239665177165,0.3792282841259101,0.2345016580860051,0.1002698605544622,0.0041554971428336,0.073492025123351,-0.0313027858518483,0.0035818695104002,0.1258007037097583,-0.2154266344761788,-0.0323041504170973,-0.1351853311535931,0.2027341726056648,0.0441320252665367,0.1111430372246955,-0.0302279674986358,-0.1073408459485662,0.047454805294369,0.3493001478895992,-0.2032865169254433,-0.0942364230899199,-0.2099883057428358,-0.0552460088803122,-0.1424272612871908,0.0363601970456262,0.0237001318802546,0.0223542844276316,-0.3921474743871649,0.0999615378562028,0.1278128898651036,0.3699536927875037,0.1992555949270734,-0.1014282749278709,0.013667353027326,0.343653509580259,-0.0454756793839654,-0.983487207743074,0.2535971965249035,0.2661382029121735,0.9015974615375868,0.2564171472698215,-0.6715684328601341,-0.0873361897266647,0.1065083332468318,0.450486641884682,0.0331911455961147,-0.0607188908437238,-0.0454942119370311,-0.0206798950290813,0.0471869994385336,0.0282483429497963,-0.0269540033297017,-0.148196467648949,-0.1227949604861464,-0.1970721152461694,-0.1974700201602513,0.0737817393972766,0.1625783239272225,1.0,1.0
1.0,-0.534139218841536,-0.0271612180860758,0.1696228241881958,0.1763674046392456,-0.0707485040302893,-0.2601272031630629,0.1663662161036639,0.1656687819546511,-0.0061204513031139,0.3867603636383289,-0.048595138908142,-0.0460562958223517,0.4930396686278498,0.2551520883495257,0.110041360170969,-0.0067120379116208,0.0632805069082278,-0.0282081759068349,-0.0122106119548906,0.1274964140065304,-0.189421403195224,-0.0053848858665562,-0.1390533258673056,0.2094051159261047,0.0476911939798,0.1023309332224626,-0.03656072109273,-0.1201243509200511,0.0504379453446077,0.3271601444259336,-0.2337365279319871,-0.0779527479652739,-0.2190981916332896,-0.0747841986820719,-0.1563098387302057,0.0438078685065185,0.0188122857968054,0.0405692013834571,-0.4061684105910387,0.094967285438741,0.069213574086822,0.3935886550920087,0.1947254783128555,-0.1176863771741936,0.0205928111177663,0.3318035310377524,-0.0448315137408039,-0.9726230564150872,0.2447873084689792,0.2008204155488437,0.9225197694630732,0.2355018809878718,-0.649032867883125,-0.0731660302118848,0.0999641923011545,0.4327063716413666,0.015196629488758,-0.0443149010486238,-0.0379360750240467,-0.0288297838770757,0.0468798852334847,0.0163534589861045,-0.0185212734135987,-0.1473314361138588,-0.1227650296520144,-0.2040419240358103,-0.1977690400477603,0.0786621182322633,0.1702266432269168,1.0,1.0
2.0,-0.4834214529423903,-0.0458297809060264,0.1190565529246281,0.1209397259267475,-0.0094409220526396,-0.2126067864239934,0.1619024812732283,0.141033599112315,-0.0166305823372881,0.4293626212390773,-0.0643938203872485,-0.0554029720507928,0.6367821884997307,0.2963213162894413,0.118412266916175,-0.0176500737874983,0.0480014782029856,-0.0096155982761728,-0.0284429589721878,0.1263858704110854,-0.1543220148824708,0.0393033807693189,-0.1377982573210485,0.2215364562368735,0.0532876879943886,0.0812069797789449,-0.029084756815043,-0.1358521594506258,0.0588606393056112,0.2981108837593765,-0.270471694952278,-0.0529349076314928,-0.2317776488062348,-0.07948220221834,-0.1456311637260425,0.0510530592645586,0.0271127686237957,0.0463753425157125,-0.4062757970825083,0.0765461695543555,0.028761182180186,0.3992941475268496,0.2015752618033521,-0.108694627316713,0.0181073380942008,0.3329438588405153,-0.0415394829508135,-0.9808238058879448,0.2363369830771811,0.1688452783158287,0.9317799101527652,0.2339052724087167,-0.6106909293663092,-0.0783242295976462,0.060971636513001,0.3933826818514836,-0.0132753720343498,-0.0477415256088927,-0.0258320054421423,-0.045767167636252,0.0325815326609217,-0.0076924312343384,-0.004493270828826,-0.1417405725028988,-0.1218887739418401,-0.2076126489247424,-0.1883049107942926,0.0810333178691307,0.1770059764618825,0.0,1.0
3.0,-0.4053082993564677,-0.0479999145113425,0.087512240440719,0.0890796943153485,0.0284099319383748,-0.1565648823091672,0.1375632611001165,0.1160269310816868,-0.0385038663415234,0.4339630792307356,-0.0737455410684029,-0.0591050731794076,0.770142375113034,0.2918274931682008,0.1381803946573497,-0.0265610624267473,0.0296722292659648,-0.0036405746271699,-0.0461808293566431,0.1359708311761878,-0.1213775134793358,0.0701063807978559,-0.1435318309001501,0.2274461302989838,0.0709077204315346,0.054935584906895,-0.030634728895372,-0.1562417053090761,0.067486616783762,0.2707512864138357,-0.3042255886912037,-0.0269962912453958,-0.2360543462853392,-0.0792400789132871,-0.1281779226664079,0.0496350630847053,0.0323486125093602,0.0666629357527344,-0.396086056046551,0.0539084334842668,-0.0160293292956914,0.398580657077757,0.2271108071484644,-0.0966556474165338,0.0089960857493619,0.3274006328089007,-0.0318570697189939,-0.960569766092939,0.2320724589047608,0.1430680686780003,0.933648922936164,0.2222426621473573,-0.5712335377209529,-0.0798363491704263,0.0387349397445311,0.347976565984206,-0.0308526797978823,-0.0458651649728963,-0.015628875679674,-0.0636554907410102,0.0234104818061702,-0.0243906534304811,0.0179329011321417,-0.1431254649928869,-0.1129927926127505,-0.2024613493498264,-0.1744714063070262,0.0785629111104526,0.1761881783639561,0.0,1.0
4.0,-0.2403255572101862,-0.0117792425700888,0.0732268345048832,0.04664495717617,0.0505881950117208,-0.1078034390615557,0.1147201715153696,0.0792338546580497,-0.037695336174961,0.321519657491253,-0.0817947699868566,-0.043845959061291,0.8747781475781023,0.2484964743208622,0.1575517911436697,-0.0229644607944556,0.0191621368167878,0.0037506981730123,-0.0462645673539431,0.1429056646290301,-0.0900672074007821,0.0827476572673503,-0.1500285375107031,0.2209351436879951,0.0754139823969752,0.0321310708501945,-0.0274206655186347,-0.1629808118229273,0.0762551803752125,0.2329906646903959,-0.3019412043399107,-0.0017141570147516,-0.2229002112570094,-0.0591089878443025,-0.1062433379242475,0.0626535965767338,0.0428543896308966,0.0743369586889639,-0.4198849378368026,0.0406432658595066,-0.050073051740801,0.4059921553158526,0.2482443598674989,-0.0839824157261484,0.0102142404720602,0.3174410126391325,-0.0312145028444048,-0.9689275229193736,0.2258348589188542,0.10346720733,0.9391663559699808,0.2152111018767338,-0.5332655993280955,-0.0705524013453903,0.0234301989118166,0.3077026987868083,-0.0468350708762052,-0.0401427642561394,-0.0109863245890546,-0.0781127253279332,0.0156317569662285,-0.0369272889235017,0.0430472947876425,-0.1553037352662424,-0.1129004440535486,-0.2076877500180672,-0.1668652882135108,0.0849597383178528,0.181388696921352,0.0,1.0
5.0,-0.1421462901225136,-0.0038639959223729,0.0534823513064934,-0.0520630894590895,0.0770107552800207,-0.0704633600400175,0.1318716280027042,0.0357694910501427,-0.0333187686214814,0.2687832962534384,-0.0975563680040887,-0.034525649284274,0.9771945323105482,0.19190702348695,0.173692127748367,-0.029284521080772,0.0017226226601689,0.0104227580703155,-0.0546657017470662,0.1507723526231426,-0.0723069919408892,0.0649984378649656,-0.1586517432517595,0.2170795545935591,0.0817711389693187,0.0040522266759539,-0.0251680271612505,-0.1780804583432645,0.0825921938111535,0.2088718783795428,-0.2899486865215496,0.0234758711412805,-0.2259257224556383,-0.0550743526389181,-0.0929114310218144,0.0447762877178038,0.0475891070037739,0.0917207358109961,-0.4493353591859157,0.0149715193776478,-0.0896195268353399,0.443285564388637,0.2742289309890362,-0.0885985880284143,-0.0023793871830464,0.296822389849038,-0.0440358751708616,-0.9557689191531584,0.2034569333588389,0.0646507918346304,0.9054615794832436,0.1886684703066429,-0.4939705351354257,-0.0580365684902876,-0.0017985517080968,0.2733954408262251,-0.0719166149347543,-0.02699961699569,-0.0043889344949199,-0.0929170525392674,0.0265278352995915,-0.0451047119378,0.0603882514786366,-0.1638804269526917,-0.1143399047524402,-0.2099212737164872,-0.1592068216226764,0.0910840448561212,0.1868309506547852,0.0,1.0
6.0,-0.023232236589246,0.0095365223843761,0.0263684846503361,-0.1216387614287619,0.0727463277243909,-0.0504374535138793,0.1347065503868757,0.0023028101107591,-0.0137978616058014,0.1790884438365455,-0.1432459513221213,-0.0066281634767204,0.9929206638207616,0.1373262583081711,0.1708961945265833,-0.026393075514964,0.0008700120997886,0.0207660597210617,-0.0496008331583925,0.1640012105156389,-0.0540259766559926,0.0788894282893785,-0.1756551999900804,0.2109292103818467,0.0925816909655821,-0.0082501112535118,-0.0268303811406697,-0.1857982916197183,0.0733067497919288,0.1783297396835236,-0.2757610313942447,0.0420557288737417,-0.223097003356692,-0.0191844485356318,-0.1313367222911952,0.0479804816541348,0.0452072675759625,0.1200936556526328,-0.4461563164716811,0.0021878642083212,-0.114771131242235,0.4351656544853539,0.2989843223348284,-0.1338418938194927,-0.0055413093413939,0.2951025145728563,-0.0475948730357738,-0.9510911119755814,0.2007428512473833,0.0344456753920225,0.9036166403714564,0.1845029276143812,-0.4638149104585756,-0.0566523923252601,0.0015306458083325,0.2452238545236795,-0.0688969309975117,-0.0279241088718209,-0.004388290600348,-0.1003444562817489,0.0339775993585612,-0.0456321066815437,0.0694197771450609,-0.1668951890116194,-0.1133897189639356,-0.209269327013385,-0.1540928784397778,0.0925713385495532,0.1828571901840918,0.0,1.0
7.0,0.0252354873166545,0.0171119001197128,0.02808059717397,-0.1612916276998245,0.0518212823946548,0.0008669152626454,0.1422509893740473,-0.0231496043312589,-0.01986800413174,0.1759570376002213,-0.1740309655182266,0.0075875166141358,0.8403615223569474,0.0874969354449226,0.1653672476344133,-0.0285835869999762,-0.0124709168942012,0.0102071237379372,-0.0577455445087015,0.1630733666079467,-0.0399702761675478,0.034170783293319,-0.1842705904714821,0.1792124218643685,0.0749899645877055,-0.0269256950914087,-0.0246595392791585,-0.1728370457738592,0.0558402833947704,0.1326926985350808,-0.2160190043146068,0.0520761108281695,-0.2143878917842734,-0.0263137731733612,-0.0716538912409852,0.0671241670025942,0.0402556656500465,0.0211781802235646,-0.4650106213548849,0.0059471743490499,-0.115637976106641,0.4672130010505134,0.3102390927153846,-0.0802696904356836,0.0177967648365888,0.2907057985851912,-0.1757834091931152,-0.9189177993563712,0.197993751512405,-0.0124437543006754,0.9104246938532914,0.1298936841085651,-0.4429994671004342,-0.0376742685252933,0.0037372150417426,0.2700817899322283,-0.0823375881193676,0.0182012611458292,0.002261084097801,-0.0938553621446584,0.0431744688597284,-0.0438361656554036,0.0844168024913274,-0.1612682097360097,-0.1162876198378195,-0.2035780692495818,-0.153588865315922,0.1063299739958918,0.1938053351926203,0.0,1.0
8.0,0.1255805339942129,0.0686999215432317,0.0443219390105429,-0.2851961352100787,0.0686674369633697,-0.0219410247189544,0.1666153270939234,-0.0816506155083358,-0.045111203144569,0.020390473205621,-0.1532550462441948,0.0581110906627046,0.7692186410023854,0.0421956648693622,0.1443043280335329,-0.0209565023540106,-0.0303822665719071,0.0163944776547236,-0.077167739955272,0.1531420894882487,-0.0182116939400202,0.04880513314392,-0.170321451558449,0.202185005262311,0.066268087456051,-0.0669047746315387,-0.019455538987859,-0.1624469346467732,0.0812820652034065,0.0779907903233241,-0.1743278156887567,0.0873334045135918,-0.2428905137586061,-0.0404406148410454,-0.1240149642572137,0.0753017498167701,0.0249128520369062,0.0094870750646149,-0.4914026810934496,-0.0226762242162639,-0.1027462250312019,0.5060239361691082,0.3302890767091034,-0.1421032049935866,0.0328657330031237,0.2551227039737063,-0.2552448488372916,-0.8963803197651655,0.188268029302755,-0.0395746441725481,0.8936303338608075,0.0418064273846596,-0.5986247083651947,0.0790146691121664,-0.0394471522226405,0.2504820321352812,-0.1050651847525374,-0.002594503715482,-0.0144569614401288,-0.0529165760527333,0.0401003707814342,-0.0162639533354471,0.0796646391743803,-0.1397348091034411,-0.1081663999079443,-0.2047887537354762,-0.1396621731851912,0.1247696111445189,0.2020274765642054,0.0,1.0
9.0,0.1421612982337998,0.1022004142668393,0.029559392693684,-0.3893277680472257,0.0989739972127454,-0.0048670222132294,0.1970384216887321,-0.1276046554815562,-0.0529316330175984,0.0086977357681882,-0.1243436412926841,0.0506065052482361,0.6522502918252713,0.0282860745692206,0.1196653618206585,-0.0307972145869873,-0.0517986194640569,0.0285281505934099,-0.0805852934235144,0.1685395634196393,-0.025169756301353,0.0595061615162373,-0.1738822176402705,0.2040281882662857,0.0652002958762866,-0.0906946802152872,-0.0085438766988208,-0.1438401306500615,0.0546522834670502,0.0711009945326227,-0.1501286998630043,0.0788831139963863,-0.2720173943569594,-0.0650429289172646,-0.1324814921801378,0.0654641113979141,0.0403620071394876,-0.0359053953174186,-0.4203131663640971,-0.0292359141068799,-0.0846517490854881,0.4738133909921503,0.2887466797399063,-0.140746006645533,0.0457626456883805,0.2498168787683309,-0.289704304742663,-0.8760692550607627,0.1817610944843249,-0.0546035197822831,0.9052693565168044,0.0353386684284594,-0.6441963018740903,0.0807437445030836,-0.0367930928350666,0.2608967474095589,-0.1097896749499906,0.011762834759088,-0.0321588324188253,-0.0244893952010723,0.0253471175943488,0.0016016132878036,0.0648389921237267,-0.1317867317640896,-0.1118352547724732,-0.1969119937391634,-0.1436590355937292,0.12032803444409,0.2001402151278843,0.0,1.0
10.0,0.212928920583081,0.1057024116631719,0.0135626472784188,-0.4578149725220002,0.0883942289298373,-0.0093703556273829,0.2121815861311994,-0.1444312265685401,-0.0452238768068144,-0.0100307926699615,-0.1461597451071561,0.0668013470291637,0.4541358196139711,-0.020636183781975,0.103309090608062,-0.0308360721877664,-0.0345658916218685,0.0268126313061961,-0.0915238434989062,0.1614279603390567,-0.0295770844914759,0.0695593800519542,-0.1641062797303536,0.2023673763835274,0.0475947043546274,-0.0837203697110322,-0.0082449275062162,-0.1247464484165262,0.0417558438419984,0.0564782203700586,-0.1190941972400486,0.0684537631424953,-0.2801249089576363,-0.0897063810233152,-0.1181716287926999,0.0495300940229058,0.0229587640019129,-0.0508964316573599,-0.4396092786868961,-0.0240891927692385,-0.0788697211831477,0.4985483441822654,0.2888681496059683,-0.1131441662711592,0.0460565907887496,0.2303153030358675,-0.3190412040532075,-0.850780872852657,0.1746556534326291,-0.0762820290526298,0.8950445842841641,-0.0555142265613447,-0.7751487132236907,0.1963355997309516,-0.0543496278978498,0.2676452250724939,-0.1289168990028067,0.0014280738810325,-0.0541205495079928,0.0121812034956857,0.0282838210472592,0.0103723737947611,0.0439633683643193,-0.1198261394494132,-0.1160420598110061,-0.2006052265452706,-0.1553429886708132,0.1287977640954964,0.2143516903406166,0.0,1.0
11.0,0.2558330926192875,0.1238112012696603,0.0234565890234112,-0.5089360195522762,0.0678922897797629,-0.0445334745325698,0.2216394616759766,-0.156520350309905,-0.061901101200384,-0.0305234580547209,-0.1536190886447512,0.0683120679129509,0.250892435091552,-0.0356131998320998,0.0864647128880836,-0.0353831638117298,-0.0316899595026136,0.0327498019543105,-0.1141360125777487,0.1583400233352532,-0.0398638434364098,0.0984312057801112,-0.1634071864224988,0.2258397856123847,0.0341809159980247,-0.0850044697076866,-0.0028232749735027,-0.102425728571728,0.0248357792350828,0.0527037881289002,-0.1075447814378511,0.0551240797343244,-0.3186012856587377,-0.1052591195254018,-0.1183650823864002,0.0374740097422316,0.025378603389321,-0.0680745482316751,-0.4010782231779647,-0.0303606352581656,-0.0818454559797035,0.479206687767856,0.2613126145481831,-0.0861726940381586,0.0624910262985188,0.2101761030161754,-0.3363750302168005,-0.8141432918464814,0.1510076143460685,-0.0897091422524876,0.9001366373719087,-0.1146749321654934,-0.8176184465038926,0.2511518102058581,-0.0672703672700223,0.2513945642031994,-0.143811795304094,0.0063218413714572,-0.0758865984844217,0.0428673952328032,0.0231251498064037,0.0166466118831905,0.0298904352051527,-0.1099006421198131,-0.1164917206577567,-0.1969012984491811,-0.1663702951027992,0.1247944814484447,0.2152591978484573,0.0,1.0
12.0,0.316358718248655,0.1316847721480265,0.018887142855921,-0.5263879531242462,0.0342983630846036,-0.0302723524934946,0.2061547946179808,-0.1620287617185705,-0.0632250024317092,-0.0590073411078754,-0.1742777137681435,0.0846247554285568,0.0453539195918908,-0.0916204194434866,0.0975935011276102,-0.0389401038151229,-0.0235846170180635,0.0315978666255263,-0.1301009229777919,0.1638988450410285,-0.0430017355736532,0.1136029017517585,-0.1754329362563926,0.224203048561221,0.035342286705375,-0.0817483222346786,0.0031434996324254,-0.0877125112437399,0.0035375786560658,0.0450530406296195,-0.0880879600317362,0.0485909029586393,-0.3335408488895109,-0.0956283464660059,-0.1132926887362126,0.01067477877026,0.0162786098899946,-0.0542238092484042,-0.3731115343108636,-0.0407893674055786,-0.0888410969738113,0.4803426320349241,0.265687063221727,-0.0726032979220681,0.0612198357757372,0.1901342415254797,-0.340441536231177,-0.7854572535571235,0.1324927498749203,-0.0861452127255861,0.894446704086941,-0.1660379300436121,-0.8036275006581713,0.2893411169321032,-0.0882056480888409,0.2434814783188665,-0.1512997404173591,0.0012328682898648,-0.0781238223948064,0.0438876845057216,0.0182895567459734,0.0131634881136817,0.0320426091340865,-0.1065062347964371,-0.1194785667288735,-0.1952447807741189,-0.1748638765045819,0.1187533902529609,0.21702254267431,0.0,1.0
13.0,0.3444463071497025,0.1594752679660862,0.0430596064990841,-0.5495471847542357,0.031827424658767,-0.0303872060973857,0.2005746723130936,-0.179518293750748,-0.0677265691691055,-0.0544131202251263,-0.1536844880075789,0.0674521349066267,-0.0323012476081305,-0.1018434248907185,0.101992613117895,-0.0483284071242284,-0.0334515177456229,0.0342965235743464,-0.1358288010647478,0.169801913248728,-0.0521780704481035,0.1179876612702971,-0.1816631617542696,0.2304784241564945,0.0313880295732036,-0.0895088888676811,0.0053273941084163,-0.0874060903478296,9.429314135123156e-05,0.0474438327987533,-0.0742823949660232,0.0499215977698181,-0.3612786462150044,-0.1176529833339414,-0.1201109310390275,0.0111966412095431,0.0198611801992621,-0.0875285929393419,-0.3394916838736617,-0.0476442440193374,-0.0858643395105143,0.4560555094171957,0.2384241190094824,-0.0695402659933031,0.0815441765707024,0.1901185121796727,-0.3718073436170643,-0.759134482731288,0.1236709052129191,-0.1060517982972608,0.8960899776935268,-0.1616049751844696,-0.8267499559319458,0.275945769448381,-0.0859659899178688,0.2261306537121068,-0.1507116726137719,0.0054019269050182,-0.0909818107520734,0.0471812201620897,0.0148418925341182,0.0185463549210882,0.0376690867316678,-0.1035110077715875,-0.117086532359077,-0.1857368295258012,-0.179454722657257,0.1153841240130648,0.2104777191088739,0.0,1.0
14.0,0.3388476066193752,0.1566926931786403,0.0387681300130178,-0.6097292004149156,0.0478094131692738,-0.0627486505787665,0.2158840266738709,-0.1925862125584534,-0.0560089800028072,0.0091216309201173,-0.1714639211876505,0.0481255172382482,0.0556485519556106,-0.0876951836017674,0.0985993874463268,-0.0489721178185928,-0.0318014432503233,0.0482056582003805,-0.1355473461037832,0.1575720844877639,-0.0587151288181337,0.1243765414468694,-0.1773276254347924,0.2428379616891987,0.0187874324898377,-0.0898991844771783,0.0101969102242749,-0.0965986010002431,0.0001150067080848,0.0508819695090362,-0.0844607859116284,0.0454832259552868,-0.382455774606421,-0.1562411174488124,-0.1344766953315206,0.0092599893103296,0.0213683422861227,-0.1286576345557599,-0.3383892063829035,-0.0468408128412444,-0.0597309560660672,0.4623115024731247,0.2276229032611283,-0.0869414164287156,0.0740537012180169,0.195488175715642,-0.4053337935089423,-0.7558382764849948,0.1190464847432385,-0.1053519330647314,0.8788760275051162,-0.1584824348310262,-0.8158882453278573,0.2641700689766041,-0.1014287943279744,0.2082115316801163,-0.1518502348555192,0.005512720593957,-0.094141386088951,0.0561406285487596,0.0186606606034072,0.0179685909195759,0.0243353078618307,-0.0997280780879551,-0.1179454758680642,-0.1859291193234985,-0.1800035936053097,0.1152787672104007,0.2057859943703,0.0,1.0
15.0,0.3632124758716858,0.160233344043857,0.0624701731230111,-0.602062596747487,0.0525373824408155,-0.0670674299771942,0.1927059741726978,-0.2029402135631515,-0.0468953426199963,0.0728189363947137,-0.1763333014420243,0.0183280385916109,0.1148952542778898,-0.0785568844972712,0.0978506676782267,-0.0476212243578147,-0.0371609085333943,0.0476106652810377,-0.1308529832775301,0.1548585776671758,-0.0648654676372375,0.1144466494192843,-0.1736428046164704,0.2373291752379394,0.0228349715327308,-0.0963469285860763,0.0082000403103273,-0.116456858502852,-0.0022875322534452,0.05622942033014,-0.0879402497306457,0.0376195970088311,-0.379868984746248,-0.145468809060687,-0.1323009713148146,-0.0001627961981678,0.0216533471116062,-0.1303523914825008,-0.3451070028968952,-0.0521185136125108,-0.0608440218869794,0.4687946976709747,0.2402857789162679,-0.0852506024950441,0.0635777153233678,0.2233383377277136,-0.4101655877106738,-0.7606325498788229,0.1260480984964542,-0.1051217891873397,0.8649977041331287,-0.1042715632923663,-0.8394918984387338,0.2153446925397712,-0.0870728993694641,0.1858451715161715,-0.1279322164100771,0.0113806521419535,-0.0998420796444548,0.0371870589850644,0.0222887531699049,0.0189165154828305,0.0377291398376657,-0.102580153403401,-0.116243034219724,-0.188569897491683,-0.1788920274073861,0.1153721934411502,0.2059016175159098,1.0,1.0
16.0,0.34818943750059,0.1447523585909482,0.0538456550318407,-0.612700460258447,0.0506702426624432,-0.0777999494501091,0.1941844676481641,-0.2008930848602084,-0.0259974892043817,0.1972944655170968,-0.1997570488495881,-0.0170150917573242,0.2245917827184767,-0.0808942162992338,0.1062105532150246,-0.047945720771721,-0.02513578860595,0.0492317801780421,-0.11441526517767,0.1488191292351559,-0.0706150892708892,0.1131601470123725,-0.1694586852025008,0.2269048981782386,0.0185042258325567,-0.0857384611486113,0.0105769447399626,-0.1393763722535248,-0.0055447698153863,0.0681008032868131,-0.106180779506137,0.0216107164357826,-0.371836153367489,-0.168538967159922,-0.1219287409898319,0.0008579932949306,0.0229382989196584,-0.1174835436564325,-0.3577802321531037,-0.0453847003716461,-0.0513587832548323,0.4862981086778069,0.2312857814847505,-0.0795909934586411,0.0569141588177858,0.2358895257985212,-0.3900648463953153,-0.762952302518764,0.133748415501445,-0.0979247652544343,0.8650988200633462,-0.077436940979546,-0.8609420057181236,0.1912267312739098,-0.0737680611061581,0.2045297842066458,-0.1216151041770563,0.0170689438376599,-0.093445663811696,0.0357402231751332,0.0321832158259682,0.0132410469348498,0.0338710517169921,-0.1014360346701692,-0.1202361756763386,-0.1937850449324204,-0.1808677851430859,0.113475750108031,0.2101670528739569,1.0,1.0
17.0,0.3371420555371357,0.1177689027356909,0.0512931693626798,-0.56485416931534,0.0597637649821192,-0.0371985680128993,0.1652073637428626,-0.1948998442079788,0.004135527400429,0.3255436789571974,-0.2056370552214881,-0.0305674199612903,0.290931131104383,-0.0852631827497962,0.1263918845939863,-0.0479781587781452,-0.0199828222631843,0.0521527365415188,-0.0700268931340036,0.1485972183666994,-0.0837126010112245,0.1020211976058088,-0.1745022572597292,0.194210249160451,0.0252302209008293,-0.0783523138744586,0.0181392670060244,-0.171112898140639,-0.0239569805127013,0.0884077304084843,-0.118713314022663,0.014619015646986,-0.337709993456094,-0.1654980219446576,-0.1100972653502232,0.0065404536366304,0.0236643859251801,-0.0704677589629185,-0.3912521418146637,-0.0567031578042728,-0.0655269950933328,0.492921439126391,0.2506248815727848,-0.0763011111712022,0.0443895093342761,0.261992385025925,-0.3328422865125124,-0.8316409227714501,0.1269882321449948,-0.0821657360422931,0.847920093468188,-0.0499488509175091,-0.823818830365185,0.170645398549929,-0.0838445025813484,0.2194431522110582,-0.143552531134169,0.003306563845159,-0.0765539155320464,0.0081526954673275,0.0380261888425762,-0.002363662811353,0.0442909731129086,-0.0951379436490141,-0.1237910926807022,-0.2052014041389698,-0.1730045481595777,0.1078645291077293,0.2141266455067441,1.0,1.0
18.0,0.259245251311634,0.1025172727608305,0.0396763074714995,-0.5343002015829643,0.0481782131526518,-0.0234997408561769,0.1817620637551656,-0.1767882317426998,0.0259516505737667,0.5420255886934245,-0.1751651157164562,-0.0817925798706835,0.372505760000493,-0.0942393659415603,0.1367049948263357,-0.0450797471260664,-0.0113393143850488,0.0522139701854615,-0.0357005049659871,0.1380640647147453,-0.0821170957661167,0.099398010447568,-0.1803799600419988,0.1745055711325916,0.0183360004897689,-0.0563447514472497,0.0203458410514761,-0.1999164853687319,-0.0265624672508775,0.0819929461627657,-0.1221590030369725,0.0100613498295611,-0.3200197871174068,-0.1817027486720636,-0.1058186689153286,0.0194310784297571,0.0360886384437639,-0.1253682985650268,-0.4120688495854708,-0.0397981463921116,-0.0099012214600917,0.4827672792472513,0.239400910065069,-0.0711103967885671,0.0533880671433705,0.3077388740220819,-0.3293882948321931,-0.8689757990966612,0.1297442681502429,-0.0469152417085652,0.8403515174155239,0.0384979447307524,-0.7907875313155988,0.0813086212581514,-0.0670307518204105,0.1964216825545206,-0.1183911687880442,0.0251520441933255,-0.0716753951902129,-9.324002576312768e-05,0.0578092927720861,-0.0040974183209068,0.0360097697666669,-0.104323918111038,-0.1276477458688822,-0.2069063793652076,-0.1712182235092352,0.1147226910585506,0.2128647091882719,1.0,0.0
19.0,0.1821043590462377,0.1015212209914546,0.058037278070944,-0.4148571749916911,0.0412891255375933,0.0145570649932114,0.1725471245642982,-0.1433452056612116,0.0166814418338936,0.7203545741381671,-0.0933478161123344,-0.108500490840312,0.3591924340369714,-0.0686159446799519,0.1443966260205377,-0.0389666472268946,-0.0180616073996464,0.0411195807751868,-0.030067798323155,0.1381200662958426,-0.083592003009875,0.0737301194645975,-0.1781989833040158,0.1345740593971756,0.0249250083435836,-0.0473110133383831,0.0214082741008218,-0.2084595337494529,-0.0366183115474132,0.0798566038105384,-0.1199082800598858,-0.0086722711868489,-0.2736029315685551,-0.159966325139031,-0.1016888400458491,0.0175906780050842,0.0422568296332007,-0.1174659003485707,-0.4484538648867678,-0.0387505951362208,-0.0026016051291608,0.5016689425656757,0.2459946626466295,-0.0622874704928302,0.0557124213997746,0.3369033013737507,-0.2951196406734548,-0.9216259890344378,0.1503700609320414,0.0060221104662707,0.856768978617973,0.0899362645312011,-0.7166386560722703,0.0304961165096713,-0.0427307830266642,0.2224259328581073,-0.1050997627044013,0.0416467317173529,-0.0503003837635567,-0.0361708701888058,0.0750805687231307,-0.018876626853981,0.0461413901195375,-0.1090943000342156,-0.1329124381324704,-0.2053455211058697,-0.17110255807592,0.1183412651255872,0.2127621342103745,1.0,0.0
20.0,0.0511022218756172,0.0796005407142534,0.0496594103807343,-0.3335790579981307,0.0277589438386156,0.0068532418288573,0.2041027728531977,-0.0939873235881836,0.0055994587214192,0.8800376777954084,-0.0241188665169547,-0.1330813837966516,0.3208793305075531,-0.0285534068554731,0.1337198164136019,-0.0287164963545567,-0.0061534026353895,0.0203586717470536,-0.0364557479179576,0.1275493599636179,-0.0855154480463954,0.0698750319723354,-0.1723407152395686,0.1238691504624236,0.0191160227898505,-0.0215107233805997,0.0107536720048602,-0.2087930819839325,-0.0369673046250098,0.0858875054901202,-0.131950055625591,-0.0276629931782741,-0.2561693569307665,-0.1825019196993305,-0.1379349172627502,0.0383173379533842,0.0450877536880189,-0.1346538376896577,-0.4897866711628942,-0.0066943236749552,0.0438316441839559,0.513476013426121,0.2320748251966553,-0.0800379879728658,0.0742576437121871,0.3337241389492724,-0.2659975407217327,-0.9327225005709636,0.1862638354457961,0.05098528479973,0.865656208050437,0.0836767460578185,-0.6108356957015083,0.025365053792368,-0.0016455765817642,0.2905626890456139,-0.0777723511779274,0.0508783395622039,-0.040963290486756,-0.0449541033190983,0.08805604622303,-0.0130809437644507,0.0330596432717659,-0.1160310105395633,-0.1378116981377346,-0.2054155466893235,-0.1833502953901871,0.1208839577010232,0.213040315957056,1.0,0.0
21.0,-0.0622178285782109,0.0487155032978221,0.0548422936288741,-0.2825840645257708,0.0110666615347696,-0.0072402898473479,0.2347286408962492,-0.046605829669353,0.0031378402448927,0.94138224413162,0.0020314469354738,-0.1327022883329451,0.3331810552931051,0.0022649861140702,0.1187922254209633,-0.0133086051663796,0.0079736557341165,0.0094296984183024,-0.0534899672413212,0.1272718068525626,-0.078124176097277,0.0519732510728529,-0.1783490737116471,0.1090302296141352,0.0124940009850312,0.0041483526228229,0.0054492254342247,-0.2006150173048863,-0.025058511754251,0.0911078375495744,-0.1331913744949674,-0.0379950700291564,-0.2310894677864622,-0.1706983580055029,-0.161919529795754,0.0373661561960467,0.0598867494532858,-0.1607572043855225,-0.4856825114975893,0.0290129440038881,0.0943848650488057,0.4789669411623981,0.2029306450065209,-0.0885958206683219,0.0667985648925227,0.3524841232851696,-0.2186719032821853,-0.9624785008643272,0.208323795358188,0.1027779281441474,0.879249899430964,0.1598871551493163,-0.5800101166573661,-0.0350038241275668,0.0492963618683362,0.3593617140310756,-0.0457821975661732,0.0568671696201784,-0.0378812503916416,-0.0373270796218745,0.0983209701942774,-0.0043093833712177,0.0013569660754546,-0.1265697308735531,-0.1404683542851539,-0.1977956755697311,-0.1846071407182898,0.120572597462794,0.2046047155916837,1.0,0.0
22.0,-0.1621631206391635,0.0387730849090048,0.0772747674137838,-0.1970713897408361,-0.0406329308405761,-0.0243315666199835,0.2181114782663656,0.003960728103393,0.0205662860159876,0.9701553818727424,0.0415323175393145,-0.1320094366868921,0.2921901832799068,0.0086940142010554,0.1195027407365507,-0.0138794763519636,0.0428348766496924,-0.0080800518667881,-0.067994645360023,0.1468626025027575,-0.098035799501101,0.0258220121175102,-0.1879674614210884,0.0960567069514259,0.0274674455183843,0.0481637567859325,-0.007734442348825,-0.1882762840164311,-0.0246747922991348,0.1208350551399101,-0.1329295934786926,-0.0461669047579436,-0.2029000460841431,-0.1418624299207524,-0.1388306760698223,0.0130040906945725,0.0375686845104328,-0.0947635589943862,-0.4161418822757867,0.0556791351842273,0.1215659360741341,0.4094843937226741,0.1811505262592897,-0.0637143733104517,0.060445588454017,0.3251057844349768,-0.1138598068678291,-0.9341271690433414,0.2168158956855554,0.132887179147346,0.8882794790969707,0.1843121557329746,-0.6288234044870841,-0.0330223227543259,0.1396962799056102,0.465148015296692,0.0126981444340238,0.0289101102494125,-0.0620192718959888,-0.0231376909329266,0.0828986766719373,0.0218894368838329,-0.0099030281595236,-0.1130565553976892,-0.1318961969821286,-0.1828555156328705,-0.1867290527321957,0.1007892148816893,0.1848174009914324,1.0,0.0
23.0,-0.240915519756081,0.0353609182112029,0.0984653011912298,-0.1045194714049174,-0.0626625610392725,-0.0597086630728652,0.2230126753700163,0.0453749564405583,0.0270852238735841,0.8819267722225229,0.0641296224206124,-0.1221086996434882,0.2366633856264329,0.0588207103286904,0.1046294414644052,0.0149168441558818,0.0520843077355848,-0.0331235962685707,-0.0689648497618958,0.1377376656789057,-0.1032603787178879,-0.0015573109953234,-0.1748596107526236,0.0966302223488542,0.0235677031216257,0.069870863603749,-0.0182553276941742,-0.1551589268375454,-0.0172795810737089,0.139705567294984,-0.1348077806979466,-0.0612903993942619,-0.1802017774277632,-0.1290063484604576,-0.1402220867260415,0.0234151941417131,0.048438719056952,-0.1006801086200173,-0.4689003044266027,0.0778181020896311,0.15896971693494,0.4247301382881908,0.1953817046324394,-0.050776680590884,0.0441919231357218,0.3293623328719983,-0.1043616764372297,-0.9676207871756436,0.2479208047291236,0.2181333934102136,0.8781244495346305,0.1990418720368811,-0.5460428898768646,-0.0415644866700202,0.1464500125047519,0.4661249454696277,0.0294719223790125,0.0300796037185859,-0.0381828678398026,-0.0416149747032046,0.1097543022719871,0.016785968088306,-0.0138280983768847,-0.1311465341584562,-0.1371576351854369,-0.1758337865526876,-0.1908928754678356,0.1012778248018111,0.1737282512407723,1.0,0.0
24.0,-0.2823382521364627,0.0274297781249697,0.0611449142287157,-0.0174606871810407,-0.1077924043116138,-0.0788698097592325,0.2183679085982455,0.0871656371178524,0.0412782596054946,0.6255175868958207,0.0780262064031613,-0.112040203917847,0.1869493546474009,0.0208605839916364,0.099364348348132,0.013210437093862,0.0757302743633292,-0.032826629316874,-0.048193872110064,0.1453003215348209,-0.1235870096584657,0.0004068355414535,-0.1783786085523739,0.1083556658931162,0.0265318991804502,0.0913870698298315,-0.0210033064586417,-0.1025317238704569,-0.0303957860302452,0.1890179670513281,-0.1306200250548176,-0.0635267471107523,-0.1647192522154385,-0.1199042916450428,-0.1631534874645834,0.0422521040444634,0.0469462928991626,-0.0609293936603583,-0.4494857542443982,0.0972081168511333,0.1712783479784332,0.4054019352357813,0.2013014690079816,-0.0820960856531969,0.0383416533555245,0.3356960486966964,-0.0625595378107435,-0.9676410847169856,0.2391156421955972,0.235545018705608,0.8721086513057182,0.2236327595902517,-0.6395536287011326,-0.0599721078863969,0.1357253121085282,0.5936055027387148,-0.0043935547440604,-0.0009090730167052,-0.0616341466796455,-0.0174005768236285,0.0874282137986993,0.0497499736418287,-0.0463858945098496,-0.1403298049449506,-0.1408831445589538,-0.1856199189070269,-0.1875034567277177,0.0951132792190689,0.1701003977410005,1.0,0.0
25.0,-0.3509333560386357,-0.0113767991507403,0.0907469635574918,0.0356312034960673,-0.1211920230434497,-0.0956785133806632,0.2073710513794444,0.1184497114019311,0.0459612141608053,0.4946689915135154,0.0304831758009485,-0.0825130650394215,0.146616248088961,0.0327228437320243,0.0995157614733617,-0.0008416383215796,0.0933758964651305,-0.0453158365006471,-0.0384380506444862,0.1477667665031405,-0.1651782162821367,-0.027457270361972,-0.1732654076992223,0.1259238774950185,0.04182517075334,0.112459677352545,-0.0196351595612763,-0.0990046037943344,-0.0394729040872567,0.2577397458823646,-0.1353989890519647,-0.0715198697851198,-0.169232017582221,-0.1147087999387067,-0.1471522742698947,0.0339536880933366,0.0392931894720024,-0.0079497772605514,-0.4081359984027478,0.1012807416689862,0.1642648364423138,0.379417770383554,0.185950959933137,-0.0760626240825361,0.0147139574374167,0.3354929775261031,-0.0057781024710028,-0.9626471526206796,0.217166438981988,0.2611796480888553,0.8481258675876389,0.2551167496122629,-0.7563646222208935,-0.0685505325855008,0.1239752718233021,0.7186126999938454,-0.0397029816720495,-0.0314850245712475,-0.0832584784973282,-0.002301625872456,0.0756636150068974,0.0679017564443085,-0.0679732773965505,-0.137230472112048,-0.1331437066691079,-0.1867316652923225,-0.1819087271426127,0.0792012450806001,0.165516320590594,1.0,0.0
26.0,-0.3816998659746951,-0.0124169588390448,0.10434530840123,0.1078370260323705,-0.1521996747392138,-0.1210825260862245,0.2218883371937557,0.1408713117078399,0.0527559320123513,0.2506259968150147,0.0230056168575247,-0.0384857129886103,0.1068510066762142,0.0394848046100038,0.0951886857835895,0.0038261803027531,0.0876669868044799,-0.0473377013113339,0.012085153963361,0.1486614020127852,-0.1845039089742684,-0.0395270856373102,-0.1559152201558484,0.1166899281183526,0.0226563117035073,0.1183599367321857,-0.0171631430549257,-0.0676905558279181,-0.0198529293633675,0.3005303657318807,-0.1203440377711648,-0.086778391963955,-0.1441925135549921,-0.1074545507818977,-0.1003213664540474,0.0185605046838627,0.0351816044486256,0.0012663468930431,-0.400325221631664,0.0875062711768669,0.1761204671807483,0.3551894449639974,0.1414067657101436,-0.03607583287205,-0.0055807311911032,0.3147262004295622,0.0146936555145671,-0.9842078393089656,0.2032897856006915,0.3000303959636266,0.8683373251108055,0.2223757702570536,-0.8129056962067128,-0.0032787769106733,0.0519451073387857,0.8226220937303048,-0.1218676399095864,-0.0832753764266401,-0.0822926241350805,0.0343469361890439,0.0357514382395673,0.0697299562144446,-0.1010512545412783,-0.1430038728874688,-0.1449844177527541,-0.202575402652913,-0.1773979251765104,0.0922307440361149,0.1713205028809996,1.0,0.0
27.0,-0.3713483673355035,-0.0035952629311843,0.1414721090828407,0.1567587603460943,-0.1608175726401552,-0.1440772326885328,0.2232407062931338,0.1560378431942202,0.0423793684934906,0.0456324243137753,-0.0191527986346571,0.0321463647426719,0.1119557057405889,0.0678479828616203,0.0895054855679659,0.019114147151553,0.0862922774247698,-0.0489568192908711,0.0487477552351418,0.1512877492866662,-0.2117441923204783,-0.0530719443169212,-0.138518977038327,0.1059555731759248,-0.0031798619352493,0.1193158806521812,-0.0154580532719233,-0.0383688447154057,-0.0097236800540829,0.3463159542962134,-0.0977105668515108,-0.1088112723377803,-0.1169751767340074,-0.0989808095081304,-0.0939280131955893,-0.0012467953479524,0.0446884049279225,-0.0342873465588333,-0.3907743892505257,0.0980352144791002,0.2349427712100973,0.3462033869257564,0.1178422190260019,-0.0429534199252445,-0.0247485671777878,0.3279123517208531,0.0241677854112096,-0.9973400957563188,0.2032367273102024,0.3500113238441869,0.8557818120584955,0.2703262249756714,-0.8568581872926307,-0.0347428744039718,0.0253642116256746,0.8598517557968259,-0.1355065953329556,-0.1326548297613095,-0.0797075513721883,0.0462305545760996,0.0065459860473542,0.0621708263597096,-0.1173819250607185,-0.1474073420834111,-0.1508019532075761,-0.2004947868971194,-0.1794142052859941,0.0874465893054559,0.1657837962654335,1.0,0.0
28.0,-0.4006493944979249,-0.0106367317573943,0.1899766635574947,0.1898019084047128,-0.1591446069800184,-0.1606208499902509,0.184278526469745,0.1576112879998503,0.0551261420550424,-0.0941995436782758,-0.0694179016455411,0.1035934921455791,0.1120228769259447,0.0791610015403789,0.1043008827984017,0.014722209256228,0.0942298258073299,-0.0526904355598428,0.0637154666491619,0.1430447896890323,-0.2590769167462405,-0.0794717631254869,-0.124077683499453,0.1413101002313271,0.0086068695226329,0.123653189521274,-0.0201075709943971,-0.0710953352460193,0.0018613672465523,0.4117248399330028,-0.1132113787290269,-0.1067128756535036,-0.1421358426206646,-0.1236707319087777,-0.1074529793157019,0.0468848509164199,0.0487301741964459,-0.0235052272922873,-0.381952668216556,0.1055141815773654,0.2466945370032918,0.3340541575147214,0.1452859814803382,-0.0875206732512996,-0.0222416254141408,0.3587710058423936,0.0429854098297131,-0.9756020886420892,0.234769558708954,0.3772403450707222,0.8366296533441268,0.3347230927526917,-0.8029161647409466,-0.1259294747142561,0.0545801993728966,0.8948101081332656,-0.106952630059777,-0.1140928536001198,-0.0927822080397038,0.0264785911214617,0.0223600577855381,0.0917892403571052,-0.1039380208108494,-0.1665064167283253,-0.1386957106675741,-0.1973071491977182,-0.1729061273870019,0.0737647607474567,0.1618383082181889,1.0,0.0
29.0,-0.4217110808562855,-0.001999440702965,0.204729542995237,0.2126155436520321,-0.1574786770964678,-0.1911704607565428,0.1830630196410895,0.1607244903489053,0.0601177079126793,-0.1144713424178136,-0.0728233009939405,0.1124583479591407,0.1515248811734152,0.1084490814285088,0.1037278538740201,0.0228638580329465,0.0870374133694786,-0.0422960063643183,0.0741256848625965,0.1402757686193958,-0.2676004388944957,-0.08274832429239,-0.1222435698990107,0.1514644327036685,-0.0019456113672087,0.1213695754860806,-0.0189514372537841,-0.0634855925044844,0.0191257752887981,0.4213080663663384,-0.1141385113447907,-0.1023593479469804,-0.146426876870385,-0.1234349426649716,-0.0802882302727983,0.0498990049482357,0.0475049467943992,-0.0723026100101564,-0.3751490382098293,0.095097066214882,0.2672163735224877,0.3262235689726694,0.1387601457420995,-0.078436089615574,-0.0239365129434663,0.3590018740301663,-0.0151402484097167,-0.9610186761161126,0.2284720882588355,0.3888424043865941,0.8192866818161951,0.3177336609169612,-0.7520143393378023,-0.1326949226671585,0.0145025627972174,0.8756435061456402,-0.1266714102573002,-0.1021737395113355,-0.0865590342098165,0.031398324576595,0.0123661211488907,0.0911074992990454,-0.1102564144773554,-0.1695246897754576,-0.1380104825973549,-0.1941042904054985,-0.1690265393464239,0.0739556389837612,0.1620775885115134,1.0,0.0
30.0,-0.4992099121121601,-0.0077382196359494,0.2284163766826056,0.2572738570034212,-0.1721651986835184,-0.211461458788463,0.1482125989578731,0.1731405952478997,0.0672411117157039,0.0219394721027505,-0.0936585031814261,0.0673590110550778,0.1908009615153231,0.1056760511984087,0.1180125100764121,-0.018545631945188,0.1058020929930365,-0.0495928615097267,0.0462345140635809,0.1512290764081825,-0.2762219800037721,-0.1033222030692545,-0.1436511641864508,0.1716704027446081,0.0361956991596211,0.1347130288948343,-0.028453140246049,-0.0921620772119004,0.0153326430125466,0.4381305722970783,-0.1579752045544076,-0.0863253662283907,-0.1609055522581743,-0.1216116687481271,-0.0979338498225619,0.0522562015950111,0.0058636232833577,0.1306001498175792,-0.4405086098193254,0.0947568783590188,0.1705013913370274,0.3734855108663704,0.1958226172011382,-0.1139790499854402,-0.0395269790242163,0.2331700252794103,0.1446577086001714,-0.9339563253207536,0.2327804246222563,0.417441006216281,0.8247920507309439,0.0913101019493845,-0.325502777572757,0.0107445547688827,-0.0169780706713741,0.8488245304990727,-0.1552480179850163,-0.0691613086867011,-0.0506588985802878,-0.0466780683814995,0.0322753544148462,0.0809246631726212,-0.0682913040511104,-0.1963693989530583,-0.1301337205450998,-0.195822613868724,-0.1415497027118643,0.0643190327430256,0.165466704121201,1.0,1.0
31.0,-0.5351401868544916,-0.016621099986402,0.2006698291161198,0.2769233280187271,-0.1507767516152236,-0.2321964333985451,0.1380455574248746,0.1772879913165392,0.0387068249606579,0.1173920465695424,-0.0836764030093779,0.0275925216761398,0.2188390065239328,0.1798987519469383,0.0839473863139065,-0.0327917513478582,0.0934226082464932,-0.0553142839309398,0.0314484257653097,0.1483310045627128,-0.2597976853459025,-0.0654275072493688,-0.1437613543531402,0.1935528689228468,0.0270920613589489,0.1257077470288612,-0.0260816172262686,-0.0911294110620661,0.0146150671050013,0.417450050822081,-0.1958525377694792,-0.0793933502104531,-0.1810235746589219,-0.1387903762597392,-0.1279531858460365,0.0656192225460845,0.003072806498263,0.1561367757491338,-0.4397190292060634,0.0891597397788718,0.1312086580803584,0.3763256892415506,0.1714146706866718,-0.1246161982241427,-0.0139534226037992,0.1928754816433835,0.1605030929609205,-0.9449455140041342,0.2254050345657038,0.3798679730648668,0.8358682909884132,0.0369006057591227,-0.2487143772733828,0.0632264892871323,-0.0289855223810242,0.8101853208692082,-0.1683061434517242,-0.0629829362924611,-0.0329200620537122,-0.0705910350974465,0.0379342623658521,0.0600057661967743,-0.0523527687492414,-0.1868559277574962,-0.1285175134162286,-0.1993913894124186,-0.1410596768525062,0.0751247072486012,0.1707681713004238,1.0,1.0
32.0,-0.5673170699002141,-0.0274639564317351,0.17530558154728,0.2640468735163619,-0.1105476858924947,-0.2133931281511465,0.1438220916443596,0.174012115118598,0.0269934134155526,0.2535119745232233,-0.0635269299609277,-0.0080503160336333,0.3391257333255464,0.2081714028713135,0.091677628118188,-0.0483468326369252,0.0880263509459058,-0.0571279075879119,0.0166541568470452,0.1551155711493994,-0.2492602902996478,-0.0327943981114079,-0.1425854914668494,0.2136228076598496,0.0337567268488044,0.1239115541663637,-0.0384759199088122,-0.1126696396781988,0.0129762750257045,0.4120459830688543,-0.2380462086880709,-0.0710333709868817,-0.2039883461551818,-0.1716249618956286,-0.1249147642047423,0.0685729165837987,-0.0069211176931915,0.1495320631950873,-0.438895061446828,0.0868888916566692,0.0821252921876678,0.3812180135060325,0.1427253342552734,-0.1265784083910741,-0.0056050694465581,0.1857518243487664,0.1369862640713144,-0.9275449222943004,0.2364946942733242,0.3146364788022286,0.8707717650948514,0.02904327610052,-0.2528158376000684,0.0668436769824484,0.0033062149248887,0.7963619427045021,-0.1503718336818873,-0.0346672965860596,-0.0215102865580438,-0.0762699396046433,0.0436096808215121,0.0483966978808227,-0.0294568100955626,-0.1880551926070638,-0.1298759915669658,-0.2071143602433614,-0.1466783187944833,0.076711504012408,0.1831884122157055,1.0,1.0
33.0,-0.5587418985900728,-0.0410216302042663,0.1303295687954353,0.227224525643232,-0.067339064413193,-0.1566376385713223,0.1491323093027473,0.1621418152187439,0.0020165784390853,0.3593167203538273,-0.038925059544508,-0.0377683273979667,0.5132005350225308,0.2315009063669979,0.112846276743136,-0.0529746135106629,0.0768111376103635,-0.0584332659976171,0.0106572031737647,0.1542058930465266,-0.214245197920228,0.0133933229915418,-0.1391094781034789,0.2121018264379524,0.0326392771570948,0.1066630380088211,-0.0481425180166664,-0.1229017253760165,0.0183114705471862,0.3705710436219656,-0.2628394358431047,-0.0502268408270429,-0.1962534846462096,-0.1732233195903288,-0.1422985548383346,0.0790357952097704,-0.0087465321414987,0.1279666492327724,-0.449905342587606,0.0870917638082217,0.0665381211736551,0.3909629085228284,0.1404918528458962,-0.139177653276902,0.0106904686400881,0.180390108171615,0.096598303587239,-0.9305273224472024,0.2397387485608845,0.2662495962401028,0.8809438449803956,0.034752361853286,-0.2371021349780702,0.0589920364544125,0.0479553747033882,0.7048568990142119,-0.0976189277570479,-0.0132997926376797,-0.0112063184901225,-0.08255890015164,0.0636453761468475,0.0301318664450307,-0.006547885754699,-0.1789029612968418,-0.1274873314379483,-0.2049119678106502,-0.1499601246874182,0.0812753025779624,0.1814786472426149,1.0,1.0
34.0,-0.4695326851488705,-0.03059324489286775,0.09579396508890163,0.1383313552908801,-0.048704991483309173,-0.12465204723372407,0.1665402225414402,0.12895227645988394,-0.0034600451471609,0.3449841522262288,-0.0404410297185611,-0.046792388887293625,0.6308848855871219,0.18658593657140163,0.12367757954891255,-0.04014990876569612,0.0631758112134551,-0.04371549707477347,0.0027650964177375493,0.15739887394550062,-0.1714753482590161,0.021355127557633323,-0.1452520323066524,0.19540776565683,0.025425298861760724,0.08535844528320047,-0.0405782389366538,-0.12168576707723378,0.020828317750350475,0.3188436468510574,-0.2523212769462734,-0.0349704422062231,-0.18577568362061303,-0.171154899471921,-0.14381498481474808,0.0734519426309497,0.01378519702022515,0.06227682076470717,-0.4325810843241487,0.08672941995628228,0.08332100427240552,0.38667167395782176,0.13421380061575314,-0.13598227919411604,0.020335404896981123,0.20684704453566788,0.04881906890896598,-0.9442538054539358,0.2410540727979072,0.22118731791408397,0.9018757033768129,0.08664672593366197,-0.29600978954192203,0.025091012492240126,0.07532608805990372,0.6310071186480466,-0.06425059637975294,-0.0010260202556108006,-0.01648289405895205,-0.06880816820493557,0.0638703781220716,0.0218293495357492,-0.0029490469718551,-0.17682701562681033,-0.13038596229803828,-0.20334594785742532,-0.1574285528257042,0.08946553831954794,0.1789859433591191,0.0,1.0
35.0,-0.3803234717076681,-0.0201648595814692,0.061258361382367954,0.04943818493852817,-0.03007091855342535,-0.09266645589612585,0.18394813578013314,0.095762737701024,-0.0089366687334071,0.3306515840986304,-0.0419569998926142,-0.055816450376620544,0.7485692361517129,0.14167096677580537,0.1345088823546891,-0.027325204020729348,0.0495404848165467,-0.028997728151929848,-0.005127010338289601,0.16059185484447464,-0.12870549859780425,0.02931693212372485,-0.1513945865098259,0.1787137048757076,0.018211320566426648,0.06405385255757985,-0.0330139598566412,-0.12046980877845105,0.023345164953514748,0.2671162500801493,-0.2418031180494421,-0.019714043585403303,-0.1752978825950165,-0.1690864793535132,-0.1453314147911616,0.067868090052129,0.036316926181949,-0.003413007703358062,-0.41525682606069136,0.08636707610434285,0.10010388737115594,0.3823804393928152,0.1279357483856101,-0.13278690511133007,0.02998034115387415,0.2333039808997208,0.0010398342306929542,-0.9579802884606691,0.2423693970349299,0.1761250395880651,0.9228075617732302,0.13854109001403794,-0.35491744410577386,-0.008810011469932245,0.10269680141641924,0.5571573382818813,-0.030882265002457998,0.011247752126458099,-0.0217594696277816,-0.055057436258231146,0.0640953800972957,0.0135268326264677,0.0006497918109887998,-0.17475106995677886,-0.1332845931581283,-0.2017799279042005,-0.1648969809639902,0.09765577406113349,0.17649323947562334,0.0,1.0
36.0,-0.29111425826646575,-0.009736474270070648,0.026722757675834277,-0.03945498541382378,-0.011436845623541525,-0.06068086455852763,0.2013560490188261,0.06257319894216405,-0.014413292319653298,0.3163190159710319,-0.043472970066667296,-0.06484051186594747,0.8662535867163038,0.09675599698020909,0.14534018516046565,-0.014500499275762573,0.0359051584196383,-0.014279959229086224,-0.01301911709431675,0.16378483574344868,-0.08593564893659239,0.03727873668981638,-0.1575371407129994,0.1620196440945852,0.010997342271092572,0.042749259831959235,-0.0254496807766286,-0.11925385047966833,0.025862012156679024,0.21538885330924115,-0.2312849591526108,-0.004457644964583507,-0.16482008156941996,-0.1670180592351054,-0.14684784476757512,0.0622842374733083,0.05884865534367284,-0.06910283617142329,-0.39793256779723407,0.08600473225240342,0.11688677046990636,0.37808920482780856,0.12165769615546705,-0.12959153102854407,0.03962527741076717,0.2597609172637737,-0.04673940044758007,-0.9717067714674024,0.24368472127195262,0.13106276126204625,0.9437394201696475,0.19043545409441393,-0.4138250986696257,-0.04271103543210462,0.13006751477293477,0.483307557915716,0.002486066374836962,0.023521524508527,-0.027036045196611146,-0.04130670431152672,0.0643203820725198,0.0052243157171861995,0.004248630593832699,-0.17267512428674736,-0.1361832240182183,-0.20021390795097566,-0.1723654091022762,0.10584600980271905,0.17400053559212758,0.0,1.0
37.0,-0.2019050448252634,0.0006919110413279,-0.0078128460306994,-0.1283481557661757,0.0071972273063423,-0.0286952732209294,0.218763962257519,0.0293836601833041,-0.0198899159058995,0.3019864478434334,-0.0449889402407204,-0.0738645733552744,0.9839379372808948,0.0518410271846128,0.1561714879662422,-0.0016757945307958,0.0222698320227299,0.0004378096937574,-0.0209112238503439,0.1669778166424227,-0.0431657992753805,0.0452405412559079,-0.1636796949161729,0.1453255833134628,0.0037833639757585,0.0214446671063386,-0.017885401696616,-0.1180378921808856,0.0283788593598433,0.163661456538333,-0.2207668002557795,0.0107987536562363,-0.1543422805438234,-0.1649496391166976,-0.1483642747439886,0.0567003848944876,0.0813803845053967,-0.1347926646394885,-0.3806083095337768,0.085642388400464,0.1336696535686568,0.3737979702628019,0.115379643925324,-0.1263961569457581,0.0492702136676602,0.2862178536278266,-0.0945186351258531,-0.9854332544741358,0.2450000455089753,0.0860004829360274,0.9646712785660648,0.2423298181747899,-0.4727327532334775,-0.076612059394277,0.1574382281294503,0.4094577775495507,0.0358543977521319,0.0357952968905959,-0.0323126207654407,-0.0275559723648223,0.0645453840477439,-0.0030782011920953,0.0078474693766766,-0.1705991786167159,-0.1390818548783083,-0.1986478879977508,-0.1798338372405622,0.1140362455443046,0.1715078317086318,0.0,1.0
38.0,-0.1141786249518999,0.0249574580267655,0.0166719969395234,-0.1785768763487715,-0.0179730512025899,0.0107677086636051,0.1987439128798901,-0.0037856947300962,-0.027866347563874,0.2702706570716342,-0.0603599328503701,-0.0753028709358548,0.9371556290084946,-0.0266552148746266,0.1651445336240107,-0.0055431757286774,0.0080672158825116,-0.0005053994185972,-0.0406134381131119,0.1538746376320656,-0.0425084732388926,0.0349470889974209,-0.1769808148692262,0.1594076323511566,0.0381833816405924,-0.0050154641271964,-0.0260630657128372,-0.1497290847285319,0.0602647587620439,0.1422437101195561,-0.200924051590085,0.0384730083265056,-0.1815250510847743,-0.1553374881083007,-0.1238705881723893,0.0851102468619932,0.0700622329541107,-0.0715893895002142,-0.409744646091179,0.0668396995950712,0.070899243016852,0.4096855675789081,0.1807913744308342,-0.1467278689651734,0.0447116031725286,0.2748324729201271,-0.1191721443202737,-0.9474446423134354,0.2671965195904561,0.0530335048124901,0.9556150150034516,0.1958578642543498,-0.4422945497832518,-0.0713276302401705,0.151680971164046,0.3303665630976919,0.0448724587518881,0.0452167911841276,-0.0266499619961346,-0.0538606076375029,0.0934485342439058,0.0126434307185614,0.0510041016555695,-0.1821149827655868,-0.1221578599245258,-0.1880368648987404,-0.166075913327391,0.1129489888873038,0.1646430400013281,0.0,1.0
39.0,0.019589878199317,0.0973475440383635,0.0532635173772505,-0.2725390728413734,0.0107238588704081,0.0112272414087782,0.182985733420414,-0.0683053851021298,-0.0458634167051703,0.1171561692866093,-0.0470680255860902,-0.0425602138228065,0.8334866194477192,-0.0480723164140646,0.159433693828602,-0.0065304136100203,-0.0257300326137421,0.0200265200027025,-0.0561167224961008,0.1482673309686275,-0.0278505110156022,0.0431966037829039,-0.1739268992279401,0.1753698738448371,0.0456276158763946,-0.0569222337311361,-0.0208956283962172,-0.1508155472867602,0.0775400899037039,0.0971803358132091,-0.1611358264030072,0.0670807302960287,-0.2106452415131106,-0.1374525795886285,-0.1333858660660194,0.0954989715924503,0.0651123921849386,-0.1076528098896343,-0.4285941281690877,0.0267983078597278,0.0449236000288628,0.4512402883898854,0.2254706073421533,-0.1648158051309796,0.0491013951827693,0.2936495370220401,-0.2345065536820521,-0.9209516412586596,0.2537113093089607,0.0312631837490577,0.9337303900447476,0.1781412436527663,-0.4929308608556608,-0.0831482872928972,0.0901122376654367,0.2722597954160908,0.020518538161571,0.0486031336769475,-0.0281403345784605,-0.0657207041992073,0.0756864499119648,0.0149007046828326,0.0867246272567318,-0.1687727571046679,-0.1115099100474519,-0.1767145802274134,-0.1481311514277491,0.116042439927039,0.1647229561203194,0.0,1.0
40.0,0.0803528513044457,0.1341234931571016,0.0800521035873661,-0.3425694882659312,0.0306835282282487,-0.0041006281358212,0.1949374338200736,-0.0951214256370356,-0.0644913753519806,0.097736300334041,-0.0067470354902878,-0.0567591469223108,0.6825654422714108,-0.0380615117724918,0.1371112587969746,-0.0197885918701379,-0.0363196376051886,0.0162634609029861,-0.0826954143457824,0.1526991551770424,-0.0361795837875534,0.0474022275068646,-0.1723055334604293,0.1920648452859797,0.045352483326856,-0.076789437612748,-0.0203528653782669,-0.1347892802848275,0.0733274991026677,0.0867712322844871,-0.1376820403335508,0.0631269463087447,-0.2530417965897478,-0.1561454746691933,-0.1406088944165993,0.0866876577991973,0.0598957132361858,-0.1373875959913988,-0.3951185182935113,0.016790077546294,0.0435080660202946,0.4075202769770293,0.2147957400820287,-0.157412438482235,0.0774714170955316,0.284527438364081,-0.2969525065158276,-0.9051130949748508,0.247409040580809,-0.005995736733328,0.9175639037303828,0.1712237230357735,-0.6495217328530625,-0.0439070163653194,0.0878818031759675,0.243869424433067,0.0138205209410674,0.029189990094431,-0.0536389342727614,-0.030699397478306,0.0634051321434377,0.0402350718803274,0.0772381967624815,-0.1456226073258533,-0.1072696396089876,-0.1685144318303578,-0.1568098188884355,0.1122531373749871,0.1625343911372314,0.0,1.0
41.0,0.198553349857127,0.1665095223389827,0.1102521300877168,-0.4068041765534385,0.0452454592373237,-0.0243561716395412,0.1990293572849036,-0.1289811545704484,-0.0654355798242036,-0.0165796427195133,-0.0268998563006015,-0.0249446857019658,0.4698858504428047,-0.0487197474391212,0.1169833980338011,-0.0167258923490655,-0.0323430404674291,0.0267139630701224,-0.1043236524831982,0.154316567188234,-0.0393296333856765,0.0603425886113562,-0.1588105916984139,0.1958572147616282,0.028155417256522,-0.0838828536610956,-0.0110218096408893,-0.1107613862237495,0.0683729299734505,0.0706658836170082,-0.1027995611871387,0.0483484665872642,-0.2718610837104945,-0.129163594162084,-0.1464102156013123,0.0722769789511786,0.0572760670751854,-0.1550065678885761,-0.3790011193920166,0.0244774748710309,0.0376805477028552,0.4024688679775329,0.2129087240514263,-0.1402598293770305,0.0939966474228678,0.2878573122668677,-0.3382758443555151,-0.9119124180869488,0.230664325967052,-0.0364253977620576,0.920813261294968,0.1393289106634713,-0.7563399009827662,0.0033331945689934,0.064611336884926,0.1653949646180419,0.0075904890527674,0.0096314059453555,-0.0731864707111942,-0.0021200193131484,0.0572443507280088,0.044037978166908,0.071038559497223,-0.1332538694243597,-0.1085868116360218,-0.1650648948142443,-0.1676295329232083,0.1212879854144364,0.1627406608252771,0.0,1.0
42.0,0.2390283069258658,0.1932710466854081,0.1461429822658342,-0.4652113061426697,0.0298245824461456,-0.0787136990406145,0.2223203131107617,-0.1572354478216662,-0.0866417639706121,-0.0497037639111958,-0.0520952095961442,-0.0125347733364404,0.2966689804908422,-0.0353598682490716,0.092039188390846,-0.0262889640870093,-0.0377413441867771,0.0332006515989464,-0.1221720718293929,0.1446106935014064,-0.0455072182884272,0.0903190448034963,-0.1460709128626933,0.219519592691201,0.0114207629523087,-0.0936405300705969,-0.0064744999304694,-0.1002618180393142,0.0733233599023219,0.0525329894584551,-0.0883968230518559,0.0303078382647017,-0.3167578505055665,-0.1348115240348874,-0.1685298405865578,0.0625852938791646,0.0607069839336247,-0.1861332917585942,-0.360720928277926,0.0193655090735727,0.0188586800799022,0.4134377684606499,0.200109623240676,-0.1415808925902939,0.1192128036369337,0.2670443867676377,-0.3983808381522291,-0.8913201692092083,0.2087864402445232,-0.081187236067419,0.950954565420095,0.0618687661729073,-0.8419886994461709,0.0780526162168104,0.0545274651589682,0.1561913892479345,-0.0189721348175133,-0.0130122503485463,-0.0877691318040527,0.0312993425202909,0.0203813690596972,0.0429804664661919,0.0560576964228771,-0.1231425032744559,-0.1092694659039532,-0.1638288162444313,-0.1785825283619617,0.1313802003439355,0.1724687831123627,0.0,1.0
43.0,0.3052324004641581,0.2181845832668241,0.1777616335634112,-0.4682608084700503,-0.0075805917988236,-0.1239951612837141,0.2272848187808763,-0.1638784042683843,-0.0925620108197766,-0.0404001442845694,-0.0750433807185009,-0.0205027545386031,0.0623027811367392,-0.0331174057023566,0.0623031300743439,-0.0184432081753886,-0.0358910401294212,0.0272877652448256,-0.1435999075247997,0.1493261995274588,-0.0462751783340273,0.1197795150429573,-0.1575338656742657,0.2414645515855132,0.0008698154610612,-0.0837125809980789,-0.0062870153967073,-0.079861996460793,0.061863963213578,0.0337722673873741,-0.0668269171523462,0.0021348559783915,-0.3626873168119872,-0.0788681385889769,-0.1885329551097276,0.0308908186474572,0.0587316189227449,-0.2359545010450139,-0.2871904271146703,0.0334457555325713,0.0100372812253102,0.3715863834468313,0.1824454285378562,-0.1247587898395194,0.1361887718637453,0.284014493778326,-0.4350780899362991,-0.8622011898455553,0.2030722005909164,-0.1101594899873268,0.9788243633619806,0.08207654936814,-0.8900886600675668,0.0427201324562974,0.1187329168550401,0.2305165274705651,0.0020595373649517,-0.0162027370500383,-0.1009204491460535,0.0589770513076503,-0.0155729105375492,0.0500014672650146,0.0402956395468041,-0.1293406305453116,-0.1068699739473229,-0.1555377376611906,-0.1945409560739016,0.1326868264832723,0.1674613410205847,0.0,1.0
44.0,0.3452704639892462,0.2176774213734167,0.2185010574031871,-0.5006980215053403,-0.0228624011220175,-0.1383728593076847,0.1940152032045574,-0.1744229719728487,-0.0999724831321566,-0.0079946355522097,-0.079925294519987,-0.0131186975142241,-0.0559137689853234,-0.0316400881381671,0.0643318382371567,-0.0175941327967698,-0.0400751722065499,0.0134927313209902,-0.1771132935805572,0.1431148841116392,-0.0713551890115662,0.12843580284372,-0.1608362954455229,0.275737873122798,0.0252907552993993,-0.1012061438683245,-0.0185650150797773,-0.0970730699545711,0.0580056119429801,0.039400462887822,-0.0865006333751033,0.0075028822851119,-0.4080850198786813,-0.0862473313210472,-0.2026296421622631,0.0244706633737637,0.0460606217993483,-0.1764352718338644,-0.3224513134648457,0.0066184910419714,-0.0401404173396326,0.4100147074686897,0.227188027133191,-0.1471055118293252,0.1321235240824589,0.267411489538339,-0.4627778838670506,-0.8277036489190971,0.1858362083351806,-0.1318680085556538,0.9450141749483534,-0.0176030908466236,-0.9338642406986876,0.1587160700575245,0.0661350928435433,0.2573067554814656,-0.0351423298837947,-0.0151888770111008,-0.1117550659586208,0.0436890714444586,0.0270282259482339,0.0460960849542995,0.0606555700633829,-0.1044977046290406,-0.0999373901598503,-0.1563860538742849,-0.2142177379863964,0.1045199188531322,0.1762516018536941,0.0,1.0
45.0,0.3797217217395275,0.2151788423420764,0.2384125152552889,-0.5383029481964479,-0.0120899824394966,-0.1343117301243892,0.175478347110223,-0.1877096182529427,-0.0932061718111306,0.0260800582439029,-0.1001497720982975,-0.0227086635835115,-0.0365552935326224,-0.0305104620776548,0.0688648316377473,-0.0261714412668754,-0.0398659239557783,0.0158944277688928,-0.1691993171632619,0.1321714907646931,-0.0953058583479853,0.1352472932102562,-0.1580718065093529,0.2861923261928063,0.033262584512616,-0.1081760349006579,-0.0104670184771132,-0.1286760539672986,0.062903094715758,0.0648671969683733,-0.0946739036281798,0.0113527550815757,-0.4338189133491895,-0.1078194961696738,-0.1990702345122053,0.0347688377640891,0.0365128234311893,-0.1346096049992471,-0.3046105845937861,-0.0051923286300171,-0.0603482127373362,0.4070744791640776,0.2231058155940775,-0.1508082840624509,0.1343923763150369,0.2661283802909592,-0.4504927507119509,-0.8404207528667578,0.1762822346967682,-0.1382465149750082,0.9343613339812856,-0.0871373433883315,-1.0029860079350228,0.2487911693343462,0.0174937435706544,0.2847217674798021,-0.0770336236606014,-0.0397547082576917,-0.1171932056435436,0.0529739427685695,0.0269338968406542,0.0444661171918789,0.049287963782972,-0.0950562571871739,-0.0979271330918813,-0.1641237458707289,-0.2091371929631882,0.1023847411421201,0.1840706891659701,0.0,1.0
46.0,0.4002499367565103,0.1966724750686181,0.2497977423368894,-0.538167929034859,-0.0069821834499239,-0.1452112367172319,0.1678317015074552,-0.1891294976882538,-0.0813663008104695,0.1058757071609857,-0.1600407052560384,-0.0266340747450135,0.0487212244994296,-0.0250237832189881,0.0743411098108667,-0.0190718941131259,-0.0344334933254542,0.0154429021213879,-0.1588723432670997,0.1357627676608215,-0.0985349051819334,0.1228486386473519,-0.1598170569808288,0.2804130537370084,0.0205246319399096,-0.0969329340047135,-0.0095731424853519,-0.1482708238225845,0.0564048480220646,0.0709327811741617,-0.0948304982880871,0.0019979951770867,-0.4431607050824231,-0.1184805240795472,-0.1961895910292688,0.018809745271286,0.0409753181838447,-0.1662401321408073,-0.297695561255884,0.0043370322444515,-0.0556860233834823,0.409814187320052,0.206085776941556,-0.1493412978189157,0.1354962302054252,0.2642836031001901,-0.4650170302362095,-0.8101764204105522,0.1736216100630691,-0.1587655360932074,0.9319374515072318,-0.0574422908673698,-1.0100752276790892,0.204809100910862,0.0490335607646775,0.2494168075694469,-0.0519321164181276,-0.0251893039702642,-0.1087003026411324,0.0555679373042906,0.0149819496503491,0.0404522135477407,0.0524879282290276,-0.1050937605109519,-0.0965245636436102,-0.1630441248593672,-0.205567747652357,0.1046548946334204,0.1840345133989685,1.0,1.0
47.0,0.3737747504285185,0.1679086820324733,0.2383771693252663,-0.5352786738157872,-0.000176792350113,-0.1320505162827653,0.158883566319377,-0.1894959312291551,-0.0778132894706691,0.2744158258996509,-0.1754222143968227,-0.0543756685665682,0.1361640002059364,-0.014201239413256,0.0898682366466268,-0.0185254883277035,-0.0298130685866551,0.0082084739103388,-0.1318230595265879,0.1215948085831135,-0.1125965994155824,0.1238682732209855,-0.1447264909808541,0.263679574404331,0.030807274514204,-0.0977718026926961,-0.0106328376377919,-0.1740052965543566,0.0490952934388175,0.0854346809241476,-0.1208252747343027,-0.0142806825302217,-0.4210644098289839,-0.1303650278377625,-0.1914770333316484,0.0213849767310227,0.0262039012407106,-0.13273425408864,-0.348181556114046,-0.0063254479718219,-0.0652809895479915,0.434234850169904,0.2399542641777365,-0.1385719984264171,0.1282872705674151,0.2760910562065614,-0.4627072614802878,-0.8474650013721807,0.1766805168126348,-0.1409435843918129,0.9249592385440766,-0.1062788764622612,-0.9873592058041598,0.2552192189584949,0.033065602138237,0.2638626837336237,-0.0618685773036445,-0.0302767120730784,-0.0993583830337634,0.0433854022915946,0.0228662933725127,0.0233156903014706,0.0621313912857372,-0.0936797308442863,-0.0988772631777046,-0.1743989960544148,-0.2071775800164979,0.1016760482427989,0.192214368768066,1.0,1.0
48.0,0.331652044499548,0.1288968584550009,0.2030924399258037,-0.5311582423297663,0.0250042065023481,-0.0920429505691207,0.1515368359968682,-0.1836002478870946,-0.0535734379429948,0.447498746845357,-0.2019839180010862,-0.0782244529763922,0.2534087329028823,-0.0225321338743078,0.1150446520238063,-0.0250070676818083,-0.0221204915929154,0.0162430635266651,-0.086666609978247,0.1096650832840253,-0.1257733274181342,0.1127038956362333,-0.1409540024547515,0.2332219249848512,0.0242212202205919,-0.0855813873221296,0.002039794611864,-0.217056073915673,0.0302241831302398,0.1119573802711731,-0.1264909769770171,-0.0236810182456006,-0.4028080015523482,-0.1660215987091743,-0.1643242860254459,0.0198385093986684,0.0324299717531595,-0.1259380496422364,-0.3811322128639433,-0.015087464031981,-0.0605275343766986,0.4598460691930223,0.2343179180318585,-0.1196105479026679,0.1168389093686962,0.3233545522587302,-0.4172637640409364,-0.8928316114988075,0.1582503614807783,-0.13173964495787,0.9148626303546568,-0.0317131579355637,-1.0176080412549666,0.1892381548896469,-0.0005493038656328,0.2079946352459034,-0.0803056737030354,-0.0290849292199585,-0.091492240173606,0.034120228427473,0.0265321311534032,0.0100643886745799,0.0592324685011391,-0.09339704819517,-0.1049912893893032,-0.1865784740989345,-0.1976347227988546,0.1044959575743942,0.2027387870623271,1.0,1.0
49.0,0.2604460482580252,0.0908969015061014,0.1543328929029732,-0.4793618094342032,0.0452674498154759,-0.023330763913279,0.159853721227663,-0.1676360783867372,-0.0337362242005054,0.6369096090283676,-0.1892380533984892,-0.1019668568185853,0.3071811958071248,-0.0241088046035538,0.1268980154525804,-0.0234539980061344,-0.0148467070593871,0.0068211183453988,-0.0417016481794667,0.1026623287790144,-0.1258453746506493,0.0979293032145179,-0.1403550487538283,0.1910707751600295,0.027912537594597,-0.0705120756385988,-0.0011667426395859,-0.2476489115570052,0.0146024338505066,0.1124814876610715,-0.130496261288796,-0.0352973158390719,-0.356618701137995,-0.17257420122221,-0.1653411337245849,0.0275230015923149,0.0422613393928096,-0.122587568446141,-0.4367625053275165,0.0032457830943655,-0.0290966945037152,0.4711634005166289,0.2543460799390127,-0.1190620486699787,0.1055738788685592,0.3538024950218363,-0.3586553011883655,-0.9420057820654,0.1873143614057944,-0.1096529871232614,0.9199613575599616,0.0462511446526246,-1.0453341670354388,0.1346998168663286,0.0441603289773149,0.2370833219061323,-0.0420335782545924,-0.0208622082854037,-0.0847557161708634,0.0276553663491247,0.0506458084329755,0.0075927769606032,0.0487593542079933,-0.0994490541802358,-0.1114924645630055,-0.1979977653861095,-0.1969511630956515,0.1139272652402829,0.2138675057895968,1.0,0.0
50.0,0.1879411037097274,0.0602849177526989,0.1001025250238654,-0.3933985913578861,0.0485411625404323,0.0102120614122049,0.1574613595237628,-0.1294495579972741,-0.0044508321652213,0.7851443058002738,-0.1560772441607465,-0.1237878249039077,0.2959077311118708,-0.0092431965401098,0.1261435129453201,-0.0184590232328605,-0.0038233874049868,0.0164729968215361,-0.0297439527178026,0.1104663400692942,-0.1162781752512989,0.0906321194159569,-0.1607173707532525,0.1652040665896922,0.0284824335074965,-0.0377218992135861,0.0103789167136385,-0.2542909492829456,-0.0147551918145729,0.1081990812406692,-0.1243052208909879,-0.0404687056630561,-0.3305469024217948,-0.1716017530036043,-0.1667277343622777,0.0352892300414071,0.0568255643618561,-0.1204867765917154,-0.4295979952433221,0.0090109815210584,-0.0039305336520398,0.4645920045293277,0.2390363245761067,-0.1184719011504262,0.0986532178345716,0.4029565773655739,-0.2785375786067741,-0.9612830153861848,0.1802320356152407,-0.064853976019187,0.8994971377753946,0.2362745796539188,-0.9720090585954656,-0.0565384123586272,0.056079013763213,0.2709878704995314,-0.0396616251470395,-0.0042663184326765,-0.0768756514650428,-0.0093173638768503,0.0650484427738139,0.0073954884523423,0.0417316167711125,-0.1121586981055055,-0.1165947733059378,-0.1992241403819822,-0.1936305897387485,0.1071350560163362,0.2067587444525788,1.0,0.0
51.0,0.0225737245577312,0.037048808881108,0.0878041058972797,-0.3183764581913413,0.0302929730343122,0.0097863680961825,0.1938407979287444,-0.0834994605509,-0.0138895937524696,0.9689972988665412,-0.0771944802465396,-0.1358197959022302,0.2659912744963272,0.0208288645918237,0.1229478962326072,-0.0101937119112209,-0.0036241177815594,0.0055936903442788,-0.029958405867536,0.1098861505869546,-0.1242836494009076,0.0702098352214294,-0.1627188067317277,0.1478721964817677,0.021969862450542,-0.0233915726072329,0.0074085348302279,-0.2473820180492046,-0.0313979310694985,0.1247164912839131,-0.1364560479273368,-0.0576290575523104,-0.3062180743568687,-0.196937654721943,-0.1689379771628687,0.0337932540571769,0.0768062135293152,-0.1738293334274918,-0.4495862587522112,0.0373200234383497,0.04886492185626,0.4859342053997381,0.2283693098478794,-0.1141574694914717,0.0922343205438806,0.4118656761920011,-0.253474176046133,-0.945241052970518,0.2098576066121653,-0.0183281228533029,0.8941615607364769,0.2741447601017971,-0.8500999134438308,-0.1174850046385515,0.1242714873462704,0.3706170735022229,0.0001844609157122,0.0314050568170074,-0.0725830011118402,-0.0156226401596689,0.0805338749588652,0.0169770544054923,0.0214375903106627,-0.1205145075693606,-0.1251553813904184,-0.1909983129476682,-0.2086914840604832,0.1014439955978243,0.1981290936784828,1.0,0.0
52.0,-0.1175379899658505,0.0134704258309836,0.0664775174629863,-0.2628456901952996,0.0116601224536139,-0.0090403158349637,0.2215503681977554,-0.0360396793284556,-0.0138048918582223,1.0163675354487824,-0.0324063524763238,-0.1421626111367718,0.2584941491529534,0.0488152246246822,0.1137352347232842,-0.0023710475867518,0.0091307018441886,-0.0024582600844616,-0.0379119930320328,0.1197508787178713,-0.1169915500995022,0.0637273707327483,-0.1671384634637924,0.1309724181837956,0.0219519664751075,0.0030829132193652,-0.0019767366640287,-0.2145881048683212,-0.0433111574424089,0.1287191498135194,-0.1440895809059661,-0.0633852569529769,-0.2676308001554566,-0.1911990640825313,-0.1885272283381922,0.0351639816935818,0.0739299626225617,-0.1890080617221865,-0.4579335495713038,0.0626756263664691,0.1042480507542726,0.4641950558239566,0.2143060508612198,-0.1180437479251572,0.074749351102662,0.3748305922747996,-0.2376223583971468,-0.935110020032546,0.2416053618088501,0.0552967725520583,0.8830780959687338,0.1952706284010553,-0.6338297446041935,-0.0895686801043244,0.1653003129136989,0.3792423208641815,0.0482940951790803,0.0437303886119148,-0.0519286017826265,-0.0337706797851242,0.0908264173315239,0.0117922798563254,0.0102506696218026,-0.1222547619716928,-0.1276542308701524,-0.1826268560971435,-0.2094463666934093,0.0979216640089681,0.1858666039570145,1.0,0.0
53.0,-0.2075677875019424,-0.0140761454336704,0.062345714504749,-0.1779674657262822,-0.0284631671269066,-0.0134330406863596,0.2386318837913307,0.0058769350360599,-0.0004110864702492,0.964585752985754,-0.0299597030728031,-0.1347477156701704,0.2214935169841968,0.0606683025471983,0.1029101098033984,0.0109134322970105,0.032111347787558,-0.0266156809102568,-0.0461314345799357,0.1272166278497211,-0.1062497179460614,0.0508767247690943,-0.1629006457424784,0.1020236300107194,0.0171517153015615,0.0391332392732579,-0.0174347478529621,-0.1725760824265132,-0.0386967660079209,0.121301832958662,-0.1445106862478065,-0.0722610114067277,-0.2059789942004687,-0.1526406140019986,-0.1659117145792727,0.0124000444327243,0.0549653913745805,-0.1444985624091352,-0.4590803506543066,0.0852364524129496,0.1299189023819473,0.4294080918197923,0.2088278188220801,-0.0858148218520635,0.0667108765047006,0.3076979696839352,-0.1735021216740773,-0.9324244137123916,0.2551508491569688,0.1132422085891411,0.9068629891007572,0.1127776138932087,-0.5019364147138208,-0.0108209360350645,0.1873290712704428,0.4351215448705039,0.0625030647987104,0.0240503899812378,-0.0455443792058012,-0.0365228046579222,0.0785927023833084,0.0226195525696819,-8.296123439580669e-05,-0.1199206560456696,-0.1376335041663168,-0.1813865446563424,-0.2025034149072105,0.105403669128099,0.1823912088262592,1.0,0.0
54.0,-0.306255028364647,-0.0361145867463783,0.0629310743226181,-0.1152053103993524,-0.0538767652145599,-0.0009728844005356,0.2482861464445745,0.0570792220963074,0.0252155956666242,0.907924703301546,-0.0022346885264361,-0.1220872723109165,0.242005398632717,0.0560739047066813,0.1037719686048284,0.010876828343594,0.064041661860134,-0.0418405257869482,-0.0661782620701647,0.1401290548685956,-0.1093321760318523,2.092330715693601e-05,-0.166588342399266,0.1014575237183661,0.0390270628292905,0.0773014959348501,-0.0276024963660156,-0.1552215612913514,-0.0349926739836825,0.1529924012506724,-0.140090991246834,-0.0662502331135508,-0.1866139415730013,-0.1304148715397421,-0.1510168968482781,0.0233152967696479,0.0214453430731887,-0.1231421767573313,-0.4729289816090961,0.1055021241841974,0.1490140600447287,0.4238414311118791,0.2291464486611202,-0.0805133877426336,0.0543180516935743,0.3123975951675924,-0.2005694657682153,-0.9212037714277076,0.2466692189518887,0.1708266931164668,0.8865232993403139,0.0776549796633696,-0.5411524628038902,0.0244100263902673,0.1576137084669109,0.4826279495365795,0.041422791241148,0.0071115816901487,-0.0382857345740967,-0.0278739447805273,0.0761566440441197,0.0175800723149666,-0.0012235518849719,-0.1174922339042459,-0.1343373833575318,-0.1799176037604856,-0.1892875398641961,0.0947747938355929,0.1759714508462056,1.0,0.0
55.0,-0.3415867720482987,-0.0484937391846544,0.0615684282529235,-0.0249209722846979,-0.0909483600338671,-0.0386170932722884,0.2326327998084085,0.1020158183289992,0.0395567007275145,0.6321699480248313,-0.0189095823668405,-0.0835242926957427,0.1954337778460866,0.0481540865630589,0.0885493357234694,0.0084638301004237,0.0917247354672645,-0.0486680388739135,-0.0310111797457216,0.1384062173279532,-0.1359753062266543,-0.0090328957255822,-0.162365607829837,0.1187600819466547,0.0357038144209686,0.1056507198019423,-0.0289891908022368,-0.1108458116869303,-0.0293830066445801,0.2058360935698298,-0.1274525366116952,-0.0678018332066063,-0.1746144769529374,-0.1061962583384461,-0.1103264870911566,0.0140975970220446,0.0212947989521831,-0.1249687662020466,-0.4470013325549927,0.1252634258865927,0.186667234415415,0.418680395644239,0.2377895987728221,-0.0567660799840035,0.044403965065807,0.3366735723289195,-0.1978363724197169,-0.93714012935192,0.2232103955973777,0.2119789816576394,0.8706336326205423,0.1082467984128202,-0.7284086420276248,0.01981793275479,0.1293873775983099,0.5716646945235708,-0.0030672059987087,-0.0228812385976372,-0.0728834019282731,0.0142019240317624,0.070582329697421,0.048700628738078,-0.0295672482211869,-0.1171943971828741,-0.1402780844636753,-0.1890833601795422,-0.1919759668995814,0.0894475014879996,0.1766940209721524,1.0,0.0
56.0,-0.401828737805194,-0.0501238612608387,0.0798881166118663,0.0327783019444448,-0.1157089291863151,-0.0412661918538363,0.2362437930595384,0.1280243328113948,0.0427358912276892,0.6014199488274092,0.0205247266046937,-0.0830637107996187,0.1274280142671561,0.02701845934826,0.0971977231586854,0.0026930930455417,0.1013029317184164,-0.0540429101823506,-0.0258549190437165,0.1322349063185666,-0.1499287568163145,-0.0261125547297845,-0.1586173209075896,0.1196978096040428,0.0332670642918171,0.1237886636722054,-0.0333399360833935,-0.1038133179179948,-0.0327408316214214,0.2280215416002151,-0.1247840060404573,-0.0784604222094167,-0.1642214473231485,-0.1149827192737446,-0.121815342296041,0.0233485534541845,0.0080424398788515,-0.1279785157401418,-0.4539939730974122,0.1207830311212135,0.2000163358326603,0.4121679090121908,0.2380223573892474,-0.0677437160603267,0.0358011947766645,0.3491602198223401,-0.2191787700418452,-0.9539797768169508,0.2024102800195301,0.252942777183353,0.8815394462573244,0.0905959191839725,-0.8000176126135646,0.0533922914288872,0.0560130529235088,0.6756029273021995,-0.1001411240561242,-0.0295466758126576,-0.0782949273915241,0.0276332826310789,0.069735562112241,0.0587089815586858,-0.0557369642335117,-0.1174663955223413,-0.1402122844081279,-0.1893283651862403,-0.1843156551742681,0.0858484523988432,0.1713827629030009,1.0,0.0
57.0,-0.4440897089845383,-0.0592548199691054,0.1152627803126499,0.0985159340925954,-0.1347376553549535,-0.0448693242440491,0.2198237416416327,0.1514486610714862,0.039109402549039,0.3140595186445855,-0.0240488807017629,-0.0333936168839559,0.0909022891196055,0.0411979554673873,0.0807604492228257,-0.0097431486463644,0.1039881949907244,-0.0692799137572647,0.0133392572504252,0.1498750493403933,-0.1888514884054199,-0.0341971065821358,-0.1568959109956345,0.1235502714773481,0.0423890848250768,0.1284442905290217,-0.0383984509947321,-0.0782022109680176,-0.0398837388084674,0.2955587435165945,-0.128699661907165,-0.0732102962888903,-0.1432289898689545,-0.0999193328203063,-0.1111882436679909,0.0269033610004593,-0.0055162570018498,-0.0101553225706201,-0.4562606961278289,0.1058996169072567,0.1619591003175295,0.3931031831835047,0.2176036965587933,-0.0805478454069559,0.0090150943673338,0.2596826070961817,-0.0805722876509531,-0.9266744694867648,0.1790544714027258,0.3151779769270177,0.8670255556094569,-0.0187405150888263,-0.4258355878698481,0.1044503657828463,-0.0422059981220329,0.6596438986280049,-0.175771077022386,-0.050419990557166,-0.0575163565101444,-0.0136647699229847,0.0367351900923789,0.0527177420286253,-0.0446720664326638,-0.1367878267304461,-0.1429352171830571,-0.1925816354313025,-0.1613119008064276,0.0812949559093232,0.1733706725708639,1.0,0.0
58.0,-0.484496881165293,-0.0451258019429174,0.1032196968336801,0.192208292927299,-0.1563279097112402,0.0002539453859884,0.2283145583117957,0.1567778188699167,0.0736329756765737,0.0966136692282716,0.0131788263205365,-0.0129346403522013,0.0364820520530337,0.0491031158053187,0.0785767873770773,-0.0218805917128143,0.0922781141469859,-0.0608826967890225,0.0620310306882995,0.1685953403947189,-0.1997315206675884,-0.066694969327046,-0.163940773109174,0.1135162339972005,0.0451987839214984,0.1262456060891699,-0.0343908105478213,-0.0653532566348423,-0.0209019180524354,0.3261753609596174,-0.1152206322381632,-0.0376728203015306,-0.1108747959922558,-0.0841402932995427,-0.0691883717425032,0.0455100110691156,-0.0396993636232651,0.0685741978203164,-0.4615124669791289,0.0819878160426527,0.1277342525648348,0.364766550454151,0.2244397392216863,-0.0866540772776094,-0.0004186504889492,0.183185078554409,-0.0011292489980512,-0.9201399866890936,0.1801494106899216,0.3304505528482626,0.8563974148698906,-0.040995884139807,-0.2893214937089814,0.130174734294097,-0.0699198655555678,0.7014231480110005,-0.2136177209497437,-0.0462770030649431,-0.0446984935066534,-0.0379506282928172,0.0266562835732828,0.0712930592271559,-0.0351348048019577,-0.1620685726867333,-0.1462652319797099,-0.2052383996878321,-0.1460198112065869,0.0901573433372249,0.1832999958354109,1.0,0.0
59.0,-0.5291066911521088,-0.0464201298107471,0.10180982411409,0.2270451777808103,-0.1692526780230554,0.0143264372856252,0.234183092831232,0.1664129849458673,0.085669963149919,-0.0463214356831398,0.0014233434311925,0.0223885390727911,0.0692102424101468,0.0538704501497597,0.0872664480714062,-0.0419090758942425,0.0896937271988806,-0.0647663090246621,0.0909084561477344,0.1791824004091917,-0.2163316788292742,-0.0954745085651448,-0.1694548881438513,0.1154861770973227,0.0548709838474164,0.1292312879845425,-0.036873112509167,-0.0750448526597843,0.0034305715122353,0.364922714275054,-0.1136929962814868,-0.0200491937976496,-0.1100560905173457,-0.0612694484708321,-0.0144104212835554,0.0478119165415175,-0.0458291821515202,0.0897905087126744,-0.3997206897745528,0.0672935688132225,0.1190919059419142,0.3043220100984726,0.2000460333734884,-0.0721778721253845,0.0022671120952688,0.1492719150969657,0.0166737577968758,-0.9087698467233968,0.1675913342764089,0.3550497646241293,0.8540914286249582,-0.0715402101789046,-0.2960857581674425,0.1652409588003638,-0.1441212717062008,0.7366942030312238,-0.2844651765940192,-0.0675604524739556,-0.0336444101445507,-0.0191810547575293,0.0063555335837043,0.0734318643470521,-0.0480172532998391,-0.1676138178333771,-0.1430304403096771,-0.206017328240216,-0.1336390463320485,0.0923846716025367,0.1792536288805403,1.0,0.0
60.0,-0.5770225206564903,-0.0502431537343674,0.0944185424919102,0.2735852340718674,-0.157724383353446,0.036990579122193,0.2347424897879405,0.1741005425363662,0.0782445043125946,-0.0436558588775638,0.0200364524745535,0.0105375176880111,0.0656772368452573,0.09700337620939,0.068342403804284,-0.0491042057814763,0.0817597959870384,-0.0609898418760498,0.0900483926814995,0.1848210392968421,-0.2203532069053522,-0.0859416716676669,-0.1611726068395904,0.1190652519369606,0.0573883377173254,0.1194367842108987,-0.0334709179578699,-0.0718808820379173,-0.0071256399761261,0.3840253434044539,-0.1274262880525164,-0.0170621478214008,-0.1129818694873999,-0.0841947056422751,-0.0638966573356267,0.0539335594799747,-0.0685998076130599,0.1330690046779405,-0.430298577183457,0.041116615928745,0.1122312201793591,0.3207184389439847,0.2017976298284112,-0.1168517168186142,0.0034545696694934,0.1157740559391915,0.0496696299638721,-0.8982888504076614,0.137591558026256,0.3797838203209165,0.8025374285088046,-0.1188016408675552,-0.2812137108078973,0.2126812045480953,-0.1989142033043281,0.721017254061568,-0.3280756924408393,-0.069993831316519,-0.0331536730248847,-0.0208097860983605,0.0119140724452711,0.0762434649617311,-0.0518056683784512,-0.1624316654003068,-0.1450681682758188,-0.2178741494738901,-0.1290207188600372,0.0981111638257896,0.1859270000898022,1.0,1.0
61.0,-0.5923972240964401,-0.0686031128874733,0.1083389247821232,0.3403244358941167,-0.1658002907383979,0.0207077345389054,0.1985012538596081,0.1916759772114422,0.0688738076032014,0.0250739760738339,-0.0004151218171788,-0.0086430610336122,0.0803787635416484,0.134700356319221,0.0628382908378122,-0.0607459899782298,0.0942699659554444,-0.072588404103396,0.0816787234018445,0.1838766379718743,-0.225391115273418,-0.0925616169821463,-0.1624768181437605,0.1122006719598669,0.0618966234149448,0.132036767583958,-0.0402479771754449,-0.081047472816751,-0.0121184264544393,0.3904403611655624,-0.145195137418047,-0.0221468657590151,-0.0984580949542738,-0.078020496475552,-0.0699237565807362,0.0621664845653672,-0.1045981477893205,0.171183772396394,-0.4224263541294787,0.0383035077964361,0.0911267583055841,0.3157934715011544,0.2074530980940533,-0.1104951927921227,0.0143323210145194,0.095642417405875,0.0516163669902149,-0.8866869261213327,0.1416681101146589,0.3753694357357484,0.8118450281337053,-0.1718364589077773,-0.2550925083738073,0.2533093433523001,-0.1779592075341151,0.6627248015236322,-0.2894627664643037,-0.0829722097912117,-0.023163367017893,-0.0293573330732699,0.0067373779027584,0.0557488525562854,-0.0344107374180462,-0.1510727414839993,-0.1371783960075767,-0.2153685643197113,-0.121707367342542,0.0929694980538433,0.1807388848759085,1.0,1.0
62.0,-0.621823022719944,-0.0794446392840459,0.0902666231000579,0.3094115218946074,-0.1370708168806904,0.0274573484956672,0.2108681746660683,0.1996726984912953,0.0415532273383242,0.142449259810463,0.0194278617268277,-0.0254294007096154,0.2040639200195622,0.1453565399666885,0.0617795350785326,-0.0680487636517756,0.0927777316196314,-0.0790534576467213,0.0803047703727107,0.1800479575899078,-0.2214304947293977,-0.0588887568039369,-0.14772126208239,0.1277814885701852,0.0615246561848436,0.1313269095678877,-0.0460277720790566,-0.096328009729102,-0.0222042547659051,0.3963187254607457,-0.1759063097902114,-0.0204761927418308,-0.1127474697326771,-0.1003710844755663,-0.0947177548711601,0.0709626380790348,-0.1184916559131368,0.1901145677582429,-0.4617231679912305,0.0382827260251382,0.0583954943193079,0.3580079868669257,0.2129410508882208,-0.1264711353721459,0.0125066583745751,0.0939717066667994,0.0563177719094005,-0.8971260661814138,0.1309485191066332,0.3511293825768979,0.8376668438613739,-0.1958178926508963,-0.2769043454843922,0.2903500515497612,-0.2211852344317499,0.6839213946530016,-0.3503075579967813,-0.0714054279123057,-0.0250449439691964,-0.023503149163376,0.0036359034134922,0.0478709082995993,-0.0387043662121103,-0.1449062471808166,-0.1453096476955924,-0.2304460992437981,-0.1177231198959562,0.1029565129653302,0.2015477590170719,1.0,1.0
63.0,-0.6013908633885698,-0.0836692249281012,0.0750056129013306,0.307125106860345,-0.1322225284434179,0.0165875772070069,0.1937183286804947,0.1908124126967791,0.0171817138863389,0.1902530249428997,0.0062380534430439,-0.0364835346819005,0.3446330964978268,0.147996280780511,0.0858842964374387,-0.0645075203149842,0.0789055792684398,-0.0680392411419964,0.059926828257895,0.1842967645229003,-0.2026945077937325,-0.0464688528100552,-0.1504281126950615,0.1361967808640609,0.0668500686866583,0.1149572635230267,-0.0398322956841533,-0.1047259812128132,-0.0137736459641342,0.3751052259847809,-0.2043427933089951,-0.0215334681195704,-0.122476104856269,-0.113028928405896,-0.073197752981271,0.0550133105548392,-0.0800336535356625,0.1755417371812897,-0.4246756147677803,0.0430194943107717,0.0246792851692361,0.3552860898105823,0.1989107662786906,-0.1238124290240976,0.0110323377923777,0.0946136439230242,0.0688159027566279,-0.8887242149237112,0.1437082668755307,0.3024749063098846,0.8707124186309773,-0.1737603659634144,-0.2716960200927563,0.2589657440835364,-0.2176295138902474,0.7213335030206753,-0.3600947929107547,-0.056112786699613,-0.0150924854300928,-0.0278918101638045,-0.000237248805474,0.0429289173006897,-0.0349485207571642,-0.1557659245368008,-0.1442631510762633,-0.2281973452622989,-0.123043667977367,0.1008736481365484,0.2015990686893876,1.0,1.0
64.0,-0.5652348237369013,-0.0902299089464941,0.0586362667068138,0.248368282189934,-0.0947259449607766,0.007485311152896,0.1923782693134839,0.1748737337868495,-0.0092891116187415,0.2890650949304423,-0.0075682375853631,-0.0500192005740111,0.5442658348009711,0.1523753050289213,0.1140194330598567,-0.0652203169348264,0.0745144200725496,-0.0653245506862983,0.0550792902606114,0.1802564791970782,-0.1840947926399959,0.006713105965263,-0.1412408199630594,0.1429884520355019,0.0608462414414566,0.1045643502011413,-0.048279797813575,-0.1209359656937306,-0.013008162900491,0.3495053278615826,-0.240348908983817,-0.0222737814159252,-0.1259072522116092,-0.1193374697428162,-0.0923878505450015,0.0605053481888106,-0.0693333894112405,0.1650560262022571,-0.442103771618057,0.0480779714586864,0.0191765240796069,0.385029738006943,0.1937293939390255,-0.1485315613274607,0.020489899929542,0.0994159593808743,0.0700519316092984,-0.9151619963978312,0.1684147558745093,0.2910038527837573,0.9313674068361412,-0.1629892906718799,-0.2272750782444137,0.2411149638742148,-0.182210952813535,0.6762313257979375,-0.3252600867892062,-0.0436507019508845,0.0083495279551888,-0.0420702060051375,0.0034837706403118,0.0090926881026398,-0.0153472076998104,-0.1563260602634686,-0.1423959961547245,-0.2288222753782259,-0.1173424716478736,0.1077612887750154,0.2048464674297702,1.0,1.0
65.0,-0.5500642388527853,-0.0893844312289213,0.0268921376676312,0.1438494541082479,-0.072284374430527,0.0260969575275796,0.2164937555355743,0.1484021883082815,-0.0205070734026204,0.3607976266776082,0.0084673235120393,-0.0656278423179336,0.7538866241020031,0.1148047177308777,0.1426361676610412,-0.0620812534081922,0.0568109263815554,-0.0654998434689125,0.0430071459015791,0.1774753069497889,-0.1498863505081093,0.0387796472697732,-0.1321154212904061,0.1486986191536846,0.0700258791550156,0.0806321661679256,-0.0580211589379431,-0.1250419373695903,-0.0027984906915112,0.3173036454637458,-0.2589738783033244,-0.0132670105126349,-0.1343058937227086,-0.1479801621381059,-0.077927429588315,0.0606638883572585,-0.0619078851483941,0.1097731527740308,-0.4474819971570131,0.053465080919571,0.0107631636075591,0.4003969012508607,0.1958147849195642,-0.140644640965301,0.0248833946540078,0.1008077871650944,0.0109361536391408,-0.9109572983812362,0.1838194941986857,0.2386177636606368,0.94879387741659,-0.1624834634863879,-0.2439457942578697,0.2470362269345013,-0.1283755187686841,0.6757186366485084,-0.2885798506952218,-0.0169402924065713,0.0151146169763642,-0.0330409620341468,0.0143051085465097,0.0004057192141586,-0.0019547209775885,-0.1551065091434008,-0.1434666116493232,-0.2298509084799486,-0.123928604897412,0.1128055024493397,0.2076387296810468,0.0,1.0
66.0,-0.3283472914994698,-0.0689827292284677,0.0257698576993004,-0.1487480629824651,-0.023319278629998,0.0429305882033765,0.2618029822895864,0.0285039545130323,0.0011323014515796,0.7260359009195382,-0.0944897019676036,-0.1025859363473957,0.7756855000903143,0.0315084264165224,0.1560044900477329,-0.0591746314138697,0.0315959650718866,-0.0340863694550237,-0.0022236643392596,0.1457128820354161,-0.1337779861531206,0.0481229019661635,-0.1315360979920359,0.1217485957625176,0.0629791650113475,0.0289372246262349,-0.0440020694414602,-0.1807033536126823,-0.0092238038474339,0.2309487173791731,-0.2514657462088742,-0.043548627331823,-0.1620247524104644,-0.1657604556021253,-0.103814236373954,0.0415113402415084,-0.0057604500763003,0.0428777329997989,-0.4719516043467764,0.0454577190077757,0.0357475119340275,0.4343583820706456,0.1991980018781425,-0.1362094262788473,0.0330345867707492,0.1385811747733627,-0.0384574667633805,-0.9227350347798784,0.2078477242397211,0.2165098505250733,0.9238670453008356,-0.1044861775708796,-0.231888405418807,0.1910519758081681,-0.0506308518407509,0.6408232752460594,-0.2149670834149141,0.0165358254053408,0.0297316515302508,-0.0393365858685715,0.0442863535475303,-0.0199285950843528,-0.003540183353014,-0.1517918292444562,-0.1517703993244501,-0.2190606374362044,-0.1383790771668529,0.1162689199857525,0.208612973424512,0.0,1.0
