,left_hip_x,left_hip_y,left_hip_z,right_hip_x,right_hip_y,right_hip_z,spine1_x,spine1_y,spine1_z,left_knee_x,left_knee_y,left_knee_z,right_knee_x,right_knee_y,right_knee_z,spine2_x,spine2_y,spine2_z,left_ankle_x,left_ankle_y,left_ankle_z,right_ankle_x,right_ankle_y,right_ankle_z,spine3_x,spine3_y,spine3_z,left_foot_x,left_foot_y,left_foot_z,right_foot_x,right_foot_y,right_foot_z,neck_x,neck_y,neck_z,left_collar_x,left_collar_y,left_collar_z,right_collar_x,right_collar_y,right_collar_z,head_x,head_y,head_z,left_shoulder_x,left_shoulder_y,left_shoulder_z,right_shoulder_x,right_shoulder_y,right_shoulder_z,left_elbow_x,left_elbow_y,left_elbow_z,right_elbow_x,right_elbow_y,right_elbow_z,left_wrist_x,left_wrist_y,left_wrist_z,right_wrist_x,right_wrist_y,right_wrist_z,left_hand_x,left_hand_y,left_hand_z,right_hand_x,right_hand_y,right_hand_z,right_touch,left_touch
0,-0.5369241934179976,-0.004605647017022596,0.21528214477547342,0.1898128796355057,-0.10484674988436438,-0.2921970673642259,0.16808389259260337,0.170794266949565,0.007258431354602562,0.3075701913074344,-0.06067299899613632,-0.028623966517716586,0.37922828412591014,0.2345016580860051,0.1002698605544622,0.0041554971428336175,0.07349202512335107,-0.03130278585184834,0.003581869510400245,0.12580070370975838,-0.2154266344761788,-0.032304150417097326,-0.1351853311535931,0.20273417260566487,0.044132025266536715,0.11114303722469554,-0.030227967498635894,-0.10734084594856626,0.04745480529436907,0.3493001478895992,-0.20328651692544333,-0.09423642308991997,-0.20998830574283583,-0.05524600888031226,-0.14242726128719085,0.03636019704562622,0.023700131880254653,0.022354284427631654,-0.39214747438716496,0.09996153785620285,0.12781288986510364,0.3699536927875037,0.19925559492707345,-0.10142827492787099,0.013667353027326084,0.34365350958025903,-0.04547567938396546,-0.9834872077430741,0.25359719652490353,0.2661382029121735,0.9015974615375867,0.2564171472698215,-0.6715684328601341,-0.08733618972666472,0.10650833324683188,0.450486641884682,0.03319114559611477,-0.060718890843723866,-0.04549421193703118,-0.020679895029081335,0.04718699943853369,0.02824834294979639,-0.02695400332970176,-0.148196467648949,-0.12279496048614646,-0.19707211524616944,-0.19747002016025134,0.07378173939727661,0.16257832392722255,1.0,1.0
1,-0.534139218841536,-0.027161218086075856,0.16962282418819583,0.17636740463924566,-0.07074850403028932,-0.2601272031630629,0.16636621610366398,0.16566878195465118,-0.006120451303113976,0.38676036363832894,-0.048595138908142044,-0.046056295822351725,0.49303966862784987,0.25515208834952574,0.11004136017096901,-0.006712037911620849,0.06328050690822784,-0.028208175906834953,-0.012210611954890661,0.12749641400653045,-0.18942140319522402,-0.005384885866556217,-0.13905332586730568,0.20940511592610478,0.04769119397980004,0.10233093322246267,-0.03656072109273,-0.12012435092005112,0.05043794534460777,0.32716014442593366,-0.23373652793198713,-0.07795274796527396,-0.21909819163328964,-0.07478419868207192,-0.15630983873020576,0.04380786850651855,0.018812285796805474,0.0405692013834571,-0.4061684105910387,0.09496728543874101,0.06921357408682205,0.39358865509200874,0.19472547831285558,-0.11768637717419361,0.02059281111776635,0.33180353103775245,-0.04483151374080396,-0.9726230564150872,0.24478730846897923,0.20082041554884378,0.9225197694630731,0.23550188098787186,-0.649032867883125,-0.07316603021188481,0.09996419230115453,0.4327063716413666,0.015196629488758051,-0.04431490104862382,-0.03793607502404672,-0.028829783877075722,0.04687988523348473,0.01635345898610452,-0.018521273413598785,-0.14733143611385885,-0.12276502965201441,-0.20404192403581034,-0.19776904004776036,0.07866211823226332,0.17022664322691686,1.0,1.0
2,-0.4834214529423903,-0.04582978090602641,0.11905655292462812,0.1209397259267475,-0.009440922052639689,-0.21260678642399342,0.1619024812732283,0.14103359911231506,-0.016630582337288178,0.42936262123907737,-0.0643938203872485,-0.05540297205079285,0.6367821884997307,0.29632131628944136,0.11841226691617507,-0.017650073787498395,0.048001478202985615,-0.009615598276172827,-0.02844295897218787,0.1263858704110854,-0.1543220148824708,0.03930338076931894,-0.13779825732104856,0.2215364562368735,0.05328768799438861,0.08120697977894498,-0.029084756815043,-0.13585215945062587,0.05886063930561125,0.29811088375937655,-0.270471694952278,-0.05293490763149289,-0.2317776488062348,-0.07948220221834008,-0.14563116372604257,0.05105305926455861,0.02711276862379574,0.046375342515712514,-0.4062757970825083,0.07654616955435559,0.028761182180186085,0.3992941475268496,0.20157526180335217,-0.10869462731671309,0.018107338094200832,0.3329438588405153,-0.041539482950813555,-0.9808238058879449,0.23633698307718118,0.16884527831582874,0.9317799101527651,0.2339052724087167,-0.6106909293663092,-0.07832422959764623,0.060971636513001,0.3933826818514836,-0.013275372034349846,-0.047741525608892776,-0.02583200544214237,-0.04576716763625202,0.032581532660921717,-0.007692431234338493,-0.004493270828826051,-0.14174057250289882,-0.12188877394184017,-0.2076126489247424,-0.18830491079429265,0.0810333178691307,0.17700597646188257,0.0,1.0
3,-0.4053082993564677,-0.047999914511342556,0.08751224044071905,0.0890796943153485,0.02840993193837482,-0.15656488230916724,0.1375632611001165,0.11602693108168682,-0.038503866341523404,0.4339630792307356,-0.07374554106840292,-0.059105073179407684,0.770142375113034,0.2918274931682008,0.1381803946573497,-0.026561062426747353,0.0296722292659648,-0.0036405746271699468,-0.04618082935664318,0.1359708311761878,-0.12137751347933586,0.07010638079785592,-0.1435318309001501,0.2274461302989838,0.07090772043153462,0.054935584906895096,-0.03063472889537205,-0.15624170530907616,0.067486616783762,0.2707512864138357,-0.30422558869120375,-0.02699629124539582,-0.23605434628533925,-0.07924007891328712,-0.12817792266640793,0.04963506308470536,0.0323486125093602,0.06666293575273441,-0.396086056046551,0.05390843348426685,-0.016029329295691452,0.39858065707775703,0.2271108071484644,-0.09665564741653387,0.008996085749361962,0.32740063280890075,-0.031857069718993936,-0.960569766092939,0.23207245890476086,0.14306806867800037,0.933648922936164,0.22224266214735733,-0.5712335377209529,-0.0798363491704263,0.038734939744531134,0.347976565984206,-0.03085267979788231,-0.045865164972896395,-0.01562887567967408,-0.06365549074101029,0.023410481806170218,-0.02439065343048119,0.017932901132141715,-0.14312546499288692,-0.11299279261275053,-0.20246134934982643,-0.1744714063070262,0.07856291111045266,0.17618817836395614,0.0,1.0
4,-0.2403255572101862,-0.011779242570088888,0.0732268345048832,0.04664495717617004,0.05058819501172085,-0.10780343906155578,0.11472017151536967,0.07923385465804977,-0.03769533617496101,0.32151965749125305,-0.08179476998685664,-0.043845959061291,0.8747781475781023,0.2484964743208622,0.1575517911436697,-0.02296446079445566,0.0191621368167878,0.0037506981730123824,-0.04626456735394318,0.1429056646290301,-0.09006720740078217,0.0827476572673503,-0.1500285375107031,0.22093514368799513,0.07541398239697525,0.03213107085019451,-0.027420665518634767,-0.16298081182292737,0.0762551803752125,0.23299066469039592,-0.30194120433991073,-0.0017141570147516383,-0.22290021125700948,-0.05910898784430251,-0.10624333792424756,0.06265359657673383,0.0428543896308966,0.07433695868896395,-0.41988493783680264,0.04064326585950668,-0.05007305174080101,0.4059921553158526,0.24824435986749896,-0.0839824157261484,0.010214240472060277,0.31744101263913255,-0.031214502844404857,-0.9689275229193736,0.22583485891885424,0.10346720733000003,0.9391663559699807,0.2152111018767338,-0.5332655993280955,-0.07055240134539038,0.02343019891181666,0.30770269878680834,-0.046835070876205295,-0.04014276425613947,-0.010986324589054686,-0.07811272532793326,0.015631756966228573,-0.03692728892350172,0.043047294787642555,-0.15530373526624247,-0.1129004440535486,-0.20768775001806722,-0.16686528821351088,0.08495973831785286,0.181388696921352,0.0,1.0
5,-0.1421462901225136,-0.0038639959223729647,0.05348235130649341,-0.05206308945908957,0.07701075528002077,-0.07046336004001755,0.1318716280027042,0.03576949105014271,-0.03331876862148141,0.2687832962534384,-0.09755636800408873,-0.03452564928427406,0.9771945323105482,0.19190702348695,0.17369212774836706,-0.02928452108077206,0.001722622660168982,0.010422758070315516,-0.05466570174706622,0.1507723526231426,-0.07230699194088924,0.06499843786496563,-0.15865174325175957,0.21707955459355913,0.08177113896931877,0.004052226675953952,-0.02516802716125056,-0.17808045834326455,0.08259219381115357,0.2088718783795428,-0.28994868652154965,0.02347587114128058,-0.22592572245563836,-0.05507435263891814,-0.09291143102181443,0.044776287717803835,0.04758910700377395,0.09172073581099616,-0.4493353591859157,0.014971519377647825,-0.08961952683533991,0.443285564388637,0.2742289309890362,-0.08859858802841436,-0.002379387183046421,0.296822389849038,-0.044035875170861605,-0.9557689191531585,0.20345693335883894,0.0646507918346304,0.9054615794832436,0.18866847030664294,-0.49397053513542577,-0.05803656849028763,-0.0017985517080968338,0.27339544082622513,-0.07191661493475435,-0.026999616995690003,-0.004388934494919949,-0.09291705253926748,0.026527835299591546,-0.04510471193780008,0.06038825147863661,-0.16388042695269178,-0.11433990475244027,-0.20992127371648728,-0.15920682162267644,0.0910840448561212,0.18683095065478525,0.0,1.0
6,-0.023232236589246065,0.00953652238437619,0.02636848465033614,-0.1216387614287619,0.07274632772439094,-0.05043745351387937,0.13470655038687576,0.002302810110759168,-0.013797861605801487,0.1790884438365455,-0.14324595132212137,-0.006628163476720456,0.9929206638207615,0.13732625830817113,0.17089619452658336,-0.026393075514964063,0.0008700120997886529,0.02076605972106176,-0.04960083315839259,0.16400121051563898,-0.05402597665599265,0.07888942828937853,-0.1756551999900804,0.2109292103818467,0.09258169096558211,-0.008250111253511827,-0.026830381140669754,-0.18579829161971834,0.07330674979192886,0.17832973968352364,-0.2757610313942447,0.04205572887374176,-0.22309700335669203,-0.01918444853563184,-0.1313367222911952,0.04798048165413482,0.045207267575962516,0.12009365565263286,-0.4461563164716811,0.002187864208321249,-0.11477113124223504,0.43516565448535394,0.29898432233482847,-0.13384189381949274,-0.005541309341393979,0.2951025145728563,-0.04759487303577381,-0.9510911119755814,0.20074285124738336,0.03444567539202259,0.9036166403714564,0.18450292761438122,-0.4638149104585756,-0.056652392325260155,0.001530645808332597,0.24522385452367956,-0.06889693099751172,-0.027924108871820903,-0.004388290600348066,-0.10034445628174891,0.03397759935856127,-0.045632106681543716,0.06941977714506095,-0.1668951890116194,-0.11338971896393568,-0.20926932701338505,-0.15409287843977784,0.09257133854955324,0.18285719018409186,0.0,1.0
7,0.025235487316654502,0.017111900119712864,0.028080597173970046,-0.16129162769982458,0.05182128239465489,0.0008669152626454514,0.14225098937404732,-0.0231496043312589,-0.019868004131740034,0.1759570376002213,-0.1740309655182266,0.00758751661413586,0.8403615223569474,0.08749693544492265,0.1653672476344133,-0.028583586999976224,-0.012470916894201212,0.010207123737937251,-0.05774554450870153,0.1630733666079467,-0.03997027616754786,0.03417078329331907,-0.1842705904714821,0.17921242186436856,0.07498996458770552,-0.02692569509140874,-0.024659539279158545,-0.17283704577385928,0.05584028339477043,0.1326926985350808,-0.21601900431460683,0.05207611082816954,-0.21438789178427345,-0.02631377317336128,-0.0716538912409852,0.06712416700259427,0.040255665650046575,0.021178180223564658,-0.4650106213548849,0.00594717434904992,-0.11563797610664106,0.4672130010505134,0.31023909271538463,-0.08026969043568366,0.01779676483658883,0.29070579858519124,-0.1757834091931152,-0.9189177993563713,0.19799375151240503,-0.012443754300675458,0.9104246938532914,0.1298936841085651,-0.44299946710043425,-0.03767426852529335,0.003737215041742635,0.2700817899322283,-0.08233758811936764,0.01820126114582929,0.002261084097801014,-0.09385536214465846,0.04317446885972846,-0.0438361656554036,0.08441680249132741,-0.16126820973600975,-0.11628761983781954,-0.20357806924958186,-0.15358886531592209,0.10632997399589184,0.19380533519262033,0.0,1.0
8,0.12558053399421296,0.06869992154323179,0.044321939010542974,-0.28519613521007875,0.06866743696336974,-0.021941024718954465,0.16661532709392343,-0.08165061550833586,-0.045111203144569,0.020390473205621044,-0.15325504624419484,0.058111090662704624,0.7692186410023854,0.042195664869362215,0.14430432803353294,-0.020956502354010694,-0.030382266571907124,0.01639447765472361,-0.07716773995527208,0.1531420894882487,-0.018211693940020254,0.04880513314392001,-0.17032145155844902,0.202185005262311,0.06626808745605109,-0.06690477463153877,-0.01945553898785903,-0.1624469346467732,0.08128206520340653,0.07799079032332419,-0.17432781568875672,0.08733340451359184,-0.24289051375860618,-0.04044061484104541,-0.1240149642572137,0.07530174981677018,0.02491285203690625,0.009487075064614992,-0.4914026810934496,-0.0226762242162639,-0.1027462250312019,0.5060239361691082,0.33028907670910346,-0.14210320499358664,0.03286573300312375,0.2551227039737063,-0.2552448488372916,-0.8963803197651655,0.18826802930275502,-0.03957464417254819,0.8936303338608075,0.041806427384659624,-0.5986247083651947,0.07901466911216647,-0.03944715222264057,0.2504820321352812,-0.10506518475253747,-0.002594503715482046,-0.014456961440128868,-0.0529165760527333,0.04010037078143421,-0.016263953335447168,0.07966463917438033,-0.1397348091034411,-0.1081663999079443,-0.20478875373547628,-0.13966217318519125,0.1247696111445189,0.20202747656420542,0.0,1.0
9,0.14216129823379983,0.10220041426683935,0.02955939269368401,-0.38932776804722574,0.09897399721274547,-0.004867022213229447,0.19703842168873212,-0.1276046554815562,-0.052931633017598456,0.00869773576818822,-0.12434364129268416,0.05060650524823616,0.6522502918252713,0.02828607456922061,0.11966536182065854,-0.030797214586987358,-0.05179861946405695,0.02852815059340997,-0.08058529342351443,0.16853956341963938,-0.025169756301353097,0.05950616151623731,-0.17388221764027056,0.20402818826628574,0.06520029587628665,-0.09069468021528726,-0.008543876698820823,-0.14384013065006154,0.0546522834670502,0.07110099453262278,-0.15012869986300434,0.07888311399638637,-0.2720173943569594,-0.0650429289172646,-0.13248149218013783,0.06546411139791412,0.04036200713948768,-0.035905395317418654,-0.4203131663640971,-0.029235914106879972,-0.08465174908548811,0.4738133909921503,0.2887466797399063,-0.14074600664553305,0.04576264568838052,0.24981687876833097,-0.28970430474266307,-0.8760692550607627,0.18176109448432498,-0.05460351978228317,0.9052693565168044,0.035338668428459494,-0.6441963018740903,0.08074374450308368,-0.03679309283506662,0.2608967474095589,-0.10978967494999066,0.011762834759088016,-0.032158832418825334,-0.02448939520107237,0.025347117594348892,0.001601613287803616,0.06483899212372672,-0.13178673176408962,-0.11183525477247325,-0.19691199373916346,-0.14365903559372925,0.12032803444409002,0.2001402151278843,0.0,1.0
10,0.212928920583081,0.10570241166317196,0.013562647278418853,-0.45781497252200026,0.08839422892983739,-0.009370355627382967,0.2121815861311994,-0.14443122656854013,-0.04522387680681444,-0.010030792669961599,-0.14615974510715612,0.06680134702916372,0.4541358196139711,-0.02063618378197507,0.10330909060806209,-0.030836072187766427,-0.034565891621868516,0.026812631306196148,-0.09152384349890627,0.1614279603390567,-0.029577084491475975,0.06955938005195429,-0.16410627973035363,0.2023673763835274,0.04759470435462748,-0.08372036971103225,-0.008244927506216243,-0.1247464484165262,0.041755843841998486,0.056478220370058646,-0.11909419724004867,0.0684537631424953,-0.2801249089576363,-0.08970638102331527,-0.11817162879269993,0.049530094022905875,0.022958764001912907,-0.05089643165735991,-0.43960927868689614,-0.02408919276923853,-0.07886972118314772,0.4985483441822654,0.2888681496059683,-0.1131441662711592,0.04605659078874965,0.2303153030358675,-0.31904120405320757,-0.850780872852657,0.1746556534326291,-0.07628202905262982,0.8950445842841641,-0.05551422656134477,-0.7751487132236907,0.1963355997309516,-0.05434962789784989,0.2676452250724939,-0.1289168990028067,0.0014280738810325182,-0.05412054950799283,0.01218120349568574,0.02828382104725927,0.010372373794761192,0.043963368364319355,-0.11982613944941324,-0.11604205981100613,-0.20060522654527063,-0.15534298867081323,0.12879776409549648,0.21435169034061663,0.0,1.0
11,0.2558330926192875,0.12381120126966039,0.02345658902341121,-0.5089360195522762,0.06789228977976292,-0.044533474532569825,0.2216394616759766,-0.15652035030990508,-0.06190110120038405,-0.03052345805472091,-0.15361908864475127,0.0683120679129509,0.250892435091552,-0.03561319983209987,0.08646471288808362,-0.03538316381172988,-0.03168995950261366,0.032749801954310515,-0.11413601257774877,0.1583400233352532,-0.039863843436409814,0.09843120578011126,-0.16340718642249885,0.22583978561238474,0.03418091599802477,-0.0850044697076866,-0.0028232749735027053,-0.10242572857172805,0.024835779235082844,0.05270378812890028,-0.10754478143785112,0.05512407973432443,-0.3186012856587377,-0.10525911952540183,-0.1183650823864002,0.03747400974223163,0.02537860338932102,-0.06807454823167514,-0.4010782231779647,-0.03036063525816569,-0.0818454559797035,0.479206687767856,0.2613126145481831,-0.08617269403815864,0.06249102629851882,0.2101761030161754,-0.3363750302168005,-0.8141432918464814,0.15100761434606852,-0.0897091422524876,0.9001366373719087,-0.11467493216549346,-0.8176184465038926,0.2511518102058581,-0.06727036727002239,0.2513945642031994,-0.14381179530409408,0.006321841371457295,-0.0758865984844217,0.04286739523280326,0.023125149806403775,0.0166466118831905,0.029890435205152777,-0.10990064211981314,-0.1164917206577567,-0.19690129844918117,-0.16637029510279921,0.12479448144844474,0.21525919784845732,0.0,1.0
12,0.316358718248655,0.13168477214802654,0.01888714285592109,-0.5263879531242462,0.034298363084603656,-0.030272352493494616,0.20615479461798084,-0.1620287617185705,-0.06322500243170924,-0.05900734110787545,-0.1742777137681435,0.08462475542855684,0.04535391959189082,-0.09162041944348664,0.09759350112761021,-0.03894010381512291,-0.02358461701806358,0.03159786662552633,-0.13010092297779197,0.16389884504102858,-0.04300173557365328,0.11360290175175851,-0.17543293625639267,0.224203048561221,0.035342286705375044,-0.08174832223467865,0.0031434996324254667,-0.08771251124373992,0.003537578656065854,0.045053040629619553,-0.08808796003173623,0.048590902958639326,-0.33354084888951097,-0.0956283464660059,-0.11329268873621268,0.010674778770260063,0.016278609889994602,-0.0542238092484042,-0.3731115343108636,-0.04078936740557861,-0.08884109697381137,0.4803426320349241,0.265687063221727,-0.0726032979220681,0.061219835775737245,0.19013424152547978,-0.340441536231177,-0.7854572535571235,0.13249274987492035,-0.08614521272558617,0.894446704086941,-0.1660379300436121,-0.8036275006581713,0.28934111693210324,-0.08820564808884097,0.24348147831886657,-0.15129974041735916,0.0012328682898648038,-0.07812382239480642,0.043887684505721614,0.018289556745973476,0.013163488113681732,0.03204260913408656,-0.10650623479643716,-0.11947856672887358,-0.1952447807741189,-0.1748638765045819,0.11875339025296094,0.21702254267431006,0.0,1.0
13,0.34444630714970254,0.15947526796608624,0.043059606499084184,-0.5495471847542357,0.03182742465876709,-0.030387206097385735,0.2005746723130936,-0.17951829375074801,-0.06772656916910551,-0.054413120225126316,-0.15368448800757895,0.0674521349066267,-0.03230124760813055,-0.10184342489071851,0.101992613117895,-0.048328407124228465,-0.03345151774562294,0.03429652357434643,-0.13582880106474784,0.16980191324872806,-0.05217807044810359,0.1179876612702971,-0.18166316175426966,0.2304784241564945,0.031388029573203684,-0.08950888886768116,0.005327394108416374,-0.08740609034782962,9.429314135123157e-05,0.04744383279875334,-0.0742823949660232,0.04992159776981819,-0.36127864621500444,-0.1176529833339414,-0.12011093103902759,0.01119664120954315,0.019861180199262175,-0.0875285929393419,-0.3394916838736617,-0.047644244019337464,-0.08586433951051431,0.45605550941719575,0.23842411900948246,-0.0695402659933031,0.08154417657070247,0.1901185121796727,-0.37180734361706436,-0.759134482731288,0.12367090521291915,-0.10605179829726086,0.8960899776935268,-0.1616049751844696,-0.8267499559319458,0.27594576944838106,-0.08596598991786888,0.22613065371210683,-0.15071167261377194,0.005401926905018239,-0.09098181075207346,0.04718122016208973,0.014841892534118212,0.01854635492108825,0.03766908673166785,-0.10351100777158755,-0.11708653235907707,-0.18573682952580126,-0.17945472265725707,0.11538412401306486,0.21047771910887397,0.0,1.0
14,0.3388476066193752,0.15669269317864032,0.03876813001301782,-0.6097292004149156,0.047809413169273896,-0.0627486505787665,0.21588402667387097,-0.19258621255845343,-0.05600898000280721,0.009121630920117384,-0.17146392118765053,0.048125517238248275,0.05564855195561068,-0.08769518360176742,0.09859938744632689,-0.048972117818592856,-0.0318014432503233,0.04820565820038055,-0.13554734610378327,0.15757208448776394,-0.05871512881813378,0.12437654144686941,-0.1773276254347924,0.24283796168919872,0.018787432489837726,-0.08989918447717837,0.010196910224274998,-0.09659860100024314,0.00011500670808484159,0.050881969509036236,-0.0844607859116284,0.045483225955286866,-0.382455774606421,-0.15624111744881244,-0.13447669533152062,0.009259989310329612,0.02136834228612276,-0.12865763455575996,-0.33838920638290354,-0.046840812841244486,-0.059730956066067264,0.4623115024731247,0.2276229032611283,-0.08694141642871567,0.07405370121801695,0.19548817571564206,-0.4053337935089423,-0.7558382764849948,0.11904648474323853,-0.10535193306473145,0.8788760275051162,-0.15848243483102623,-0.8158882453278573,0.2641700689766041,-0.10142879432797448,0.2082115316801163,-0.15185023485551924,0.005512720593957,-0.09414138608895106,0.05614062854875962,0.01866066060340722,0.017968590919575922,0.02433530786183077,-0.09972807808795513,-0.11794547586806425,-0.1859291193234985,-0.18000359360530974,0.11527876721040076,0.20578599437030007,0.0,1.0
15,0.36321247587168587,0.16023334404385703,0.062470173123011126,-0.602062596747487,0.05253738244081552,-0.06706742997719421,0.1927059741726978,-0.2029402135631515,-0.04689534261999634,0.0728189363947137,-0.1763333014420243,0.018328038591610956,0.11489525427788988,-0.07855688449727127,0.0978506676782267,-0.04762122435781476,-0.03716090853339438,0.04761066528103771,-0.1308529832775301,0.1548585776671758,-0.06486546763723752,0.11444664941928433,-0.17364280461647041,0.23732917523793942,0.022834971532730838,-0.0963469285860763,0.008200040310327382,-0.11645685850285203,-0.002287532253445246,0.056229420330140084,-0.08794024973064572,0.03761959700883111,-0.37986898474624803,-0.14546880906068707,-0.13230097131481466,-0.00016279619816788717,0.021653347111606228,-0.13035239148250088,-0.3451070028968952,-0.05211851361251087,-0.06084402188697946,0.4687946976709747,0.2402857789162679,-0.08525060249504413,0.06357771532336788,0.22333833772771366,-0.4101655877106738,-0.7606325498788229,0.12604809849645426,-0.10512178918733972,0.8649977041331287,-0.10427156329236635,-0.8394918984387338,0.2153446925397712,-0.08707289936946415,0.18584517151617153,-0.1279322164100771,0.011380652141953572,-0.0998420796444548,0.03718705898506446,0.022288753169904994,0.018916515482830576,0.037729139837665744,-0.10258015340340101,-0.11624303421972404,-0.18856989749168304,-0.17889202740738616,0.11537219344115024,0.20590161751590985,1.0,1.0
16,0.34818943750059006,0.14475235859094826,0.05384565503184077,-0.612700460258447,0.05067024266244324,-0.07779994945010915,0.1941844676481641,-0.2008930848602084,-0.025997489204381788,0.1972944655170968,-0.19975704884958811,-0.01701509175732421,0.22459178271847674,-0.08089421629923388,0.10621055321502461,-0.047945720771721045,-0.025135788605950005,0.04923178017804211,-0.11441526517767005,0.14881912923515594,-0.07061508927088929,0.11316014701237256,-0.16945868520250085,0.2269048981782386,0.01850422583255677,-0.08573846114861139,0.01057694473996263,-0.13937637225352487,-0.005544769815386319,0.06810080328681316,-0.106180779506137,0.021610716435782606,-0.37183615336748904,-0.168538967159922,-0.12192874098983197,0.0008579932949306472,0.022938298919658432,-0.11748354365643254,-0.3577802321531037,-0.04538470037164613,-0.05135878325483234,0.48629810867780693,0.23128578148475054,-0.07959099345864118,0.056914158817785804,0.2358895257985212,-0.39006484639531536,-0.762952302518764,0.133748415501445,-0.09792476525443439,0.8650988200633462,-0.07743694097954601,-0.8609420057181236,0.19122673127390985,-0.07376806110615815,0.2045297842066458,-0.12161510417705636,0.017068943837659986,-0.09344566381169606,0.03574022317513327,0.03218321582596827,0.013241046934849843,0.033871051716992166,-0.10143603467016922,-0.1202361756763386,-0.19378504493242046,-0.18086778514308594,0.11347575010803101,0.21016705287395693,1.0,1.0
17,0.3371420555371357,0.11776890273569096,0.05129316936267988,-0.56485416931534,0.059763764982119216,-0.037198568012899356,0.16520736374286266,-0.1948998442079788,0.004135527400429075,0.32554367895719744,-0.20563705522148812,-0.030567419961290393,0.290931131104383,-0.08526318274979627,0.12639188459398637,-0.04797815877814523,-0.019982822263184374,0.052152736541518814,-0.07002689313400368,0.14859721836669948,-0.08371260101122452,0.1020211976058088,-0.17450225725972923,0.19421024916045104,0.025230220900829353,-0.07835231387445862,0.018139267006024466,-0.171112898140639,-0.023956980512701342,0.08840773040848436,-0.11871331402266302,0.014619015646986089,-0.337709993456094,-0.16549802194465765,-0.11009726535022324,0.006540453636630472,0.023664385925180116,-0.07046775896291857,-0.3912521418146637,-0.056703157804272805,-0.06552699509333282,0.492921439126391,0.25062488157278484,-0.0763011111712022,0.04438950933427619,0.261992385025925,-0.33284228651251246,-0.8316409227714501,0.12698823214499483,-0.08216573604229316,0.847920093468188,-0.0499488509175091,-0.823818830365185,0.170645398549929,-0.08384450258134846,0.21944315221105826,-0.143552531134169,0.003306563845159092,-0.07655391553204649,0.00815269546732758,0.03802618884257622,-0.002363662811353029,0.04429097311290868,-0.09513794364901411,-0.12379109268070221,-0.20520140413896984,-0.17300454815957778,0.10786452910772937,0.21412664550674418,1.0,1.0
18,0.259245251311634,0.10251727276083056,0.03967630747149951,-0.5343002015829643,0.048178213152651805,-0.023499740856176916,0.18176206375516565,-0.17678823174269986,0.025951650573766714,0.5420255886934245,-0.1751651157164562,-0.08179257987068356,0.37250576000049307,-0.09423936594156035,0.1367049948263357,-0.045079747126066425,-0.011339314385048871,0.05221397018546155,-0.03570050496598718,0.1380640647147453,-0.08211709576611675,0.09939801044756807,-0.18037996004199885,0.1745055711325916,0.01833600048976897,-0.05634475144724971,0.020345841051476143,-0.19991648536873197,-0.02656246725087752,0.0819929461627657,-0.12215900303697255,0.010061349829561195,-0.32001978711740686,-0.18170274867206368,-0.10581866891532865,0.01943107842975713,0.03608863844376393,-0.12536829856502685,-0.4120688495854708,-0.03979814639211161,-0.009901221460091758,0.4827672792472513,0.23940091006506908,-0.07111039678856712,0.05338806714337052,0.30773887402208194,-0.3293882948321931,-0.8689757990966612,0.12974426815024293,-0.0469152417085652,0.8403515174155239,0.03849794473075248,-0.7907875313155988,0.08130862125815143,-0.06703075182041054,0.19642168255452064,-0.11839116878804422,0.025152044193325514,-0.07167539519021293,-9.324002576312768e-05,0.05780929277208612,-0.0040974183209068205,0.03600976976666692,-0.10432391811103804,-0.12764774586888228,-0.20690637936520762,-0.1712182235092352,0.1147226910585506,0.21286470918827197,1.0,0.0
19,0.18210435904623773,0.10152122099145466,0.058037278070944005,-0.41485717499169117,0.04128912553759334,0.014557064993211454,0.1725471245642982,-0.14334520566121167,0.01668144183389368,0.7203545741381671,-0.09334781611233445,-0.10850049084031206,0.3591924340369714,-0.06861594467995191,0.1443966260205377,-0.038966647226894656,-0.018061607399646462,0.041119580775186806,-0.030067798323155075,0.13812006629584261,-0.083592003009875,0.07373011946459758,-0.17819898330401585,0.13457405939717568,0.024925008343583667,-0.04731101333838317,0.021408274100821818,-0.2084595337494529,-0.03661831154741324,0.07985660381053848,-0.11990828005988588,-0.00867227118684899,-0.27360293156855514,-0.15996632513903108,-0.1016888400458491,0.01759067800508427,0.04225682963320079,-0.11746590034857074,-0.4484538648867678,-0.03875059513622083,-0.0026016051291608555,0.5016689425656757,0.24599466264662959,-0.06228747049283023,0.055712421399774635,0.33690330137375074,-0.29511964067345486,-0.9216259890344378,0.15037006093204147,0.006022110466270769,0.856768978617973,0.08993626453120117,-0.7166386560722703,0.03049611650967138,-0.04273078302666427,0.2224259328581073,-0.10509976270440134,0.04164673171735297,-0.05030038376355672,-0.036170870188805826,0.07508056872313071,-0.01887662685398106,0.04614139011953759,-0.10909430003421561,-0.13291243813247045,-0.20534552110586973,-0.17110255807592004,0.11834126512558729,0.21276213421037454,1.0,0.0
20,0.051102221875617214,0.07960054071425349,0.04965941038073434,-0.33357905799813076,0.027758943838615657,0.0068532418288573494,0.20410277285319775,-0.09398732358818362,0.005599458721419254,0.8800376777954084,-0.024118866516954718,-0.13308138379665163,0.3208793305075531,-0.02855340685547314,0.13371981641360198,-0.0287164963545567,-0.006153402635389549,0.020358671747053688,-0.03645574791795762,0.12754935996361794,-0.08551544804639546,0.06987503197233542,-0.17234071523956862,0.12386915046242368,0.019116022789850577,-0.021510723380599783,0.010753672004860219,-0.20879308198393257,-0.036967304625009856,0.08588750549012025,-0.131950055625591,-0.027662993178274142,-0.25616935693076653,-0.18250191969933058,-0.1379349172627502,0.038317337953384246,0.045087753688018914,-0.13465383768965777,-0.48978667116289426,-0.006694323674955279,0.04383164418395591,0.513476013426121,0.2320748251966553,-0.08003798797286588,0.07425764371218715,0.33372413894927244,-0.26599754072173276,-0.9327225005709635,0.18626383544579617,0.05098528479973008,0.865656208050437,0.08367674605781851,-0.6108356957015083,0.025365053792368093,-0.001645576581764227,0.2905626890456139,-0.07777235117792744,0.05087833956220394,-0.040963290486756065,-0.044954103319098354,0.08805604622303,-0.013080943764450792,0.03305964327176593,-0.11603101053956337,-0.13781169813773464,-0.20541554668932357,-0.1833502953901871,0.12088395770102323,0.21304031595705608,1.0,0.0
21,-0.062217828578210926,0.04871550329782215,0.0548422936288741,-0.2825840645257708,0.01106666153476965,-0.007240289847347977,0.23472864089624923,-0.046605829669353005,0.003137840244892792,0.94138224413162,0.0020314469354738574,-0.13270228833294512,0.33318105529310516,0.002264986114070222,0.11879222542096333,-0.01330860516637964,0.00797365573411657,0.00942969841830242,-0.05348996724132128,0.12727180685256267,-0.07812417609727706,0.05197325107285291,-0.1783490737116471,0.1090302296141352,0.01249400098503125,0.004148352622822982,0.005449225434224741,-0.20061501730488632,-0.025058511754251,0.09110783754957445,-0.13319137449496748,-0.037995070029156475,-0.23108946778646222,-0.17069835800550298,-0.16191952979575408,0.037366156196046704,0.059886749453285856,-0.16075720438552255,-0.48568251149758934,0.02901294400388818,0.09438486504880572,0.47896694116239813,0.20293064500652094,-0.08859582066832195,0.06679856489252278,0.3524841232851696,-0.21867190328218533,-0.9624785008643272,0.20832379535818807,0.10277792814414743,0.879249899430964,0.15988715514931634,-0.5800101166573661,-0.0350038241275668,0.049296361868336296,0.35936171403107564,-0.045782197566173286,0.056867169620178425,-0.037881250391641696,-0.0373270796218745,0.09832097019427741,-0.004309383371217779,0.0013569660754546879,-0.1265697308735531,-0.14046835428515392,-0.19779567556973118,-0.18460714071828987,0.12057259746279403,0.2046047155916837,1.0,0.0
22,-0.1621631206391635,0.038773084909004885,0.07727476741378382,-0.19707138974083613,-0.040632930840576176,-0.02433156661998353,0.21811147826636568,0.003960728103393096,0.020566286015987686,0.9701553818727424,0.04153231753931452,-0.13200943668689216,0.2921901832799068,0.008694014201055422,0.11950274073655076,-0.01387947635196364,0.04283487664969243,-0.008080051866788134,-0.06799464536002305,0.1468626025027575,-0.09803579950110101,0.025822012117510215,-0.18796746142108844,0.09605670695142592,0.027467445518384342,0.04816375678593254,-0.007734442348825097,-0.18827628401643115,-0.02467479229913483,0.12083505513991014,-0.13292959347869265,-0.046166904757943605,-0.2029000460841431,-0.14186242992075243,-0.13883067606982236,0.013004090694572529,0.037568684510432854,-0.09476355899438627,-0.41614188227578675,0.05567913518422738,0.12156593607413413,0.4094843937226741,0.18115052625928973,-0.06371437331045171,0.060445588454017075,0.32510578443497684,-0.11385980686782915,-0.9341271690433414,0.21681589568555548,0.13288717914734605,0.8882794790969707,0.1843121557329746,-0.6288234044870841,-0.033022322754325935,0.1396962799056102,0.46514801529669203,0.012698144434023837,0.028910110249412577,-0.06201927189598888,-0.023137690932926655,0.08289867667193739,0.021889436883832936,-0.009903028159523663,-0.11305655539768926,-0.13189619698212862,-0.18285551563287053,-0.1867290527321957,0.10078921488168935,0.18481740099143243,1.0,0.0
23,-0.24091551975608108,0.03536091821120291,0.09846530119122987,-0.10451947140491746,-0.06266256103927259,-0.059708663072865265,0.22301267537001637,0.045374956440558334,0.027085223873584162,0.8819267722225229,0.06412962242061249,-0.12210869964348825,0.23666338562643296,0.058820710328690406,0.1046294414644052,0.014916844155881893,0.05208430773558481,-0.033123596268570706,-0.0689648497618958,0.13773766567890577,-0.10326037871788796,-0.0015573109953234095,-0.17485961075262368,0.09663022234885421,0.02356770312162578,0.06987086360374906,-0.018255327694174265,-0.15515892683754548,-0.01727958107370897,0.13970556729498407,-0.13480778069794666,-0.06129039939426195,-0.18020177742776325,-0.12900634846045766,-0.14022208672604153,0.02341519414171318,0.04843871905695204,-0.1006801086200173,-0.4689003044266027,0.07781810208963119,0.15896971693494,0.4247301382881908,0.19538170463243945,-0.05077668059088403,0.04419192313572183,0.32936233287199834,-0.10436167643722971,-0.9676207871756435,0.2479208047291236,0.21813339341021365,0.8781244495346305,0.19904187203688115,-0.5460428898768646,-0.041564486670020294,0.1464500125047519,0.4661249454696277,0.029471922379012503,0.030079603718585972,-0.038182867839802626,-0.04161497470320462,0.10975430227198711,0.016785968088306014,-0.013828098376884791,-0.1311465341584562,-0.1371576351854369,-0.1758337865526876,-0.1908928754678356,0.10127782480181113,0.17372825124077232,1.0,0.0
24,-0.28233825213646274,0.027429778124969717,0.06114491422871577,-0.017460687181040775,-0.10779240431161385,-0.07886980975923259,0.2183679085982455,0.08716563711785241,0.041278259605494666,0.6255175868958207,0.07802620640316138,-0.11204020391784705,0.1869493546474009,0.020860583991636483,0.09936434834813203,0.013210437093862083,0.07573027436332924,-0.032826629316874086,-0.04819387211006404,0.14530032153482098,-0.12358700965846575,0.00040683554145355504,-0.17837860855237397,0.1083556658931162,0.026531899180450267,0.09138706982983158,-0.02100330645864175,-0.10253172387045695,-0.030395786030245286,0.18901796705132815,-0.13062002505481762,-0.06352674711075235,-0.16471925221543857,-0.11990429164504288,-0.16315348746458347,0.042252104044463466,0.046946292899162675,-0.06092939366035832,-0.4494857542443982,0.09720811685113333,0.17127834797843322,0.4054019352357813,0.20130146900798163,-0.08209608565319693,0.038341653355524544,0.3356960486966964,-0.06255953781074353,-0.9676410847169856,0.23911564219559725,0.23554501870560807,0.8721086513057182,0.22363275959025172,-0.6395536287011326,-0.059972107886396946,0.13572531210852823,0.5936055027387148,-0.004393554744060492,-0.0009090730167052739,-0.06163414667964551,-0.01740057682362859,0.08742821379869938,0.04974997364182876,-0.046385894509849646,-0.14032980494495068,-0.1408831445589538,-0.18561991890702695,-0.18750345672771773,0.09511327921906898,0.17010039774100053,1.0,0.0
25,-0.3509333560386357,-0.011376799150740302,0.09074696355749187,0.035631203496067375,-0.12119202304344978,-0.09567851338066327,0.20737105137944448,0.11844971140193117,0.045961214160805376,0.49466899151351545,0.030483175800948503,-0.08251306503942155,0.14661624808896104,0.03272284373202439,0.09951576147336176,-0.0008416383215796735,0.09337589646513056,-0.04531583650064715,-0.038438050644486285,0.14776676650314058,-0.1651782162821367,-0.02745727036197203,-0.17326540769922238,0.12592387749501857,0.04182517075334005,0.11245967735254503,-0.0196351595612763,-0.09900460379433444,-0.03947290408725679,0.25773974588236465,-0.13539898905196476,-0.07151986978511982,-0.16923201758222106,-0.11470879993870672,-0.14715227426989475,0.03395368809333663,0.03929318947200242,-0.00794977726055146,-0.4081359984027478,0.10128074166898626,0.16426483644231382,0.37941777038355406,0.18595095993313707,-0.07606262408253617,0.014713957437416747,0.33549297752610313,-0.005778102471002855,-0.9626471526206795,0.21716643898198806,0.2611796480888553,0.8481258675876389,0.25511674961226294,-0.7563646222208935,-0.06855053258550083,0.12397527182330217,0.7186126999938454,-0.03970298167204953,-0.031485024571247584,-0.08325847849732826,-0.002301625872456006,0.07566361500689747,0.06790175644430851,-0.06797327739655055,-0.13723047211204806,-0.1331437066691079,-0.18673166529232257,-0.18190872714261277,0.07920124508060011,0.16551632059059404,1.0,0.0
26,-0.3816998659746951,-0.012416958839044812,0.10434530840123002,0.10783702603237058,-0.1521996747392138,-0.1210825260862245,0.2218883371937557,0.14087131170783995,0.052755932012351375,0.25062599681501474,0.02300561685752478,-0.03848571298861037,0.10685100667621424,0.03948480461000381,0.0951886857835895,0.0038261803027531426,0.08766698680447993,-0.04733770131133392,0.012085153963361035,0.14866140201278522,-0.18450390897426847,-0.039527085637310215,-0.15591522015584847,0.11668992811835266,0.02265631170350736,0.1183599367321857,-0.017163143054925705,-0.06769055582791819,-0.019852929363367577,0.30053036573188074,-0.12034403777116487,-0.08677839196395509,-0.1441925135549921,-0.1074545507818977,-0.10032136645404743,0.018560504683862798,0.03518160444862567,0.0012663468930431687,-0.40032522163166406,0.08750627117686695,0.17612046718074836,0.3551894449639974,0.14140676571014368,-0.03607583287205007,-0.005580731191103249,0.3147262004295622,0.014693655514567139,-0.9842078393089656,0.2032897856006915,0.3000303959636266,0.8683373251108055,0.22237577025705366,-0.8129056962067128,-0.003278776910673306,0.0519451073387857,0.8226220937303048,-0.12186763990958643,-0.08327537642664011,-0.08229262413508054,0.034346936189043914,0.03575143823956737,0.06972995621444467,-0.10105125454127832,-0.14300387288746882,-0.14498441775275417,-0.20257540265291302,-0.17739792517651046,0.09223074403611498,0.17132050288099968,1.0,0.0
27,-0.3713483673355035,-0.0035952629311843953,0.1414721090828407,0.15675876034609432,-0.16081757264015528,-0.14407723268853284,0.22324070629313386,0.1560378431942202,0.04237936849349067,0.045632424313775344,-0.01915279863465713,0.032146364742671914,0.11195570574058891,0.0678479828616203,0.08950548556796596,0.019114147151553098,0.08629227742476986,-0.048956819290871194,0.04874775523514189,0.15128774928666622,-0.21174419232047836,-0.053071944316921256,-0.13851897703832705,0.10595557317592486,-0.003179861935249345,0.11931588065218124,-0.015458053271923372,-0.038368844715405796,-0.009723680054082973,0.3463159542962134,-0.09771056685151086,-0.10881127233778032,-0.11697517673400748,-0.0989808095081304,-0.0939280131955893,-0.0012467953479524216,0.044688404927922525,-0.034287346558833365,-0.39077438925052577,0.09803521447910027,0.23494277121009732,0.3462033869257564,0.11784221902600196,-0.042953419925244596,-0.024748567177787822,0.3279123517208531,0.024167785411209675,-0.9973400957563189,0.20323672731020245,0.3500113238441869,0.8557818120584955,0.27032622497567144,-0.8568581872926307,-0.03474287440397188,0.02536421162567468,0.8598517557968259,-0.13550659533295567,-0.13265482976130957,-0.07970755137218832,0.04623055457609962,0.006545986047354208,0.06217082635970961,-0.11738192506071858,-0.14740734208341116,-0.15080195320757617,-0.20049478689711947,-0.17941420528599414,0.0874465893054559,0.16578379626543358,1.0,0.0
28,-0.40064939449792497,-0.010636731757394324,0.1899766635574947,0.18980190840471284,-0.15914460698001842,-0.16062084999025092,0.184278526469745,0.15761128799985036,0.05512614205504246,-0.0941995436782758,-0.06941790164554118,0.10359349214557918,0.11202287692594479,0.07916100154037897,0.10430088279840173,0.014722209256228082,0.09422982580732997,-0.05269043555984286,0.06371546664916197,0.14304478968903234,-0.25907691674624056,-0.07947176312548691,-0.12407768349945303,0.1413101002313271,0.008606869522632924,0.12365318952127402,-0.02010757099439715,-0.0710953352460193,0.0018613672465523923,0.4117248399330028,-0.11321137872902694,-0.10671287565350362,-0.14213584262066462,-0.12367073190877777,-0.10745297931570197,0.046884850916419946,0.048730174196445916,-0.023505227292287323,-0.381952668216556,0.10551418157736549,0.2466945370032918,0.3340541575147214,0.1452859814803382,-0.08752067325129964,-0.022241625414140844,0.3587710058423936,0.042985409829713106,-0.9756020886420892,0.23476955870895408,0.37724034507072224,0.8366296533441268,0.33472309275269174,-0.8029161647409466,-0.12592947471425614,0.05458019937289665,0.8948101081332656,-0.10695263005977704,-0.11409285360011984,-0.09278220803970383,0.026478591121461795,0.022360057785538123,0.09178924035710523,-0.10393802081084941,-0.1665064167283253,-0.13869571066757413,-0.19730714919771822,-0.17290612738700192,0.07376476074745675,0.1618383082181889,1.0,0.0
29,-0.42171108085628556,-0.001999440702965094,0.204729542995237,0.21261554365203214,-0.1574786770964678,-0.19117046075654287,0.1830630196410895,0.16072449034890535,0.06011770791267938,-0.11447134241781369,-0.07282330099394052,0.11245834795914071,0.15152488117341525,0.10844908142850884,0.10372785387402018,0.02286385803294657,0.08703741336947868,-0.04229600636431834,0.0741256848625965,0.14027576861939584,-0.2676004388944957,-0.08274832429239,-0.12224356989901075,0.15146443270366855,-0.001945611367208789,0.12136957548608063,-0.018951437253784165,-0.06348559250448448,0.019125775288798108,0.42130806636633844,-0.11413851134479074,-0.10235934794698043,-0.14642687687038505,-0.12343494266497164,-0.0802882302727983,0.04989900494823578,0.04750494679439921,-0.07230261001015648,-0.3751490382098293,0.09509706621488202,0.2672163735224877,0.3262235689726694,0.13876014574209955,-0.07843608961557402,-0.023936512943466375,0.3590018740301663,-0.015140248409716728,-0.9610186761161126,0.22847208825883555,0.3888424043865941,0.8192866818161951,0.31773366091696126,-0.7520143393378023,-0.13269492266715852,0.014502562797217428,0.8756435061456402,-0.12667141025730022,-0.10217373951133556,-0.08655903420981659,0.03139832457659509,0.012366121148890774,0.09110749929904549,-0.11025641447735549,-0.16952468977545768,-0.13801048259735493,-0.19410429040549856,-0.16902653934642395,0.07395563898376123,0.1620775885115134,1.0,0.0
30,-0.49920991211216015,-0.00773821963594945,0.2284163766826056,0.2572738570034212,-0.17216519868351843,-0.211461458788463,0.14821259895787314,0.1731405952478997,0.06724111171570392,0.021939472102750587,-0.0936585031814261,0.06735901105507788,0.1908009615153231,0.10567605119840873,0.11801251007641213,-0.018545631945188077,0.10580209299303656,-0.04959286150972675,0.046234514063580937,0.1512290764081825,-0.2762219800037721,-0.10332220306925456,-0.14365116418645085,0.17167040274460812,0.03619569915962112,0.13471302889483439,-0.028453140246049065,-0.09216207721190048,0.015332643012546665,0.43813057229707836,-0.1579752045544076,-0.08632536622839071,-0.1609055522581743,-0.12161166874812711,-0.09793384982256192,0.05225620159501111,0.005863623283357772,0.13060014981757928,-0.4405086098193254,0.09475687835901887,0.17050139133702746,0.3734855108663704,0.19582261720113822,-0.11397904998544028,-0.03952697902421632,0.2331700252794103,0.14465770860017146,-0.9339563253207537,0.23278042462225632,0.417441006216281,0.8247920507309439,0.09131010194938459,-0.32550277757275703,0.010744554768882798,-0.016978070671374162,0.8488245304990727,-0.15524801798501636,-0.06916130868670117,-0.050658898580287826,-0.04667806838149957,0.03227535441484625,0.08092466317262126,-0.06829130405111042,-0.19636939895305836,-0.13013372054509986,-0.19582261386872404,-0.14154970271186432,0.06431903274302564,0.165466704121201,1.0,1.0
31,-0.5351401868544916,-0.016621099986402044,0.20066982911611983,0.2769233280187271,-0.15077675161522364,-0.23219643339854518,0.13804555742487465,0.17728799131653927,0.038706824960657936,0.11739204656954247,-0.08367640300937795,0.027592521676139816,0.21883900652393284,0.17989875194693838,0.08394738631390652,-0.032791751347858236,0.09342260824649329,-0.05531428393093987,0.03144842576530979,0.14833100456271286,-0.2597976853459025,-0.06542750724936881,-0.1437613543531402,0.19355286892284682,0.027092061358948937,0.12570774702886123,-0.02608161722626867,-0.09112941106206618,0.014615067105001378,0.417450050822081,-0.19585253776947922,-0.07939335021045313,-0.18102357465892194,-0.13879037625973928,-0.12795318584603654,0.06561922254608456,0.0030728064982630168,0.15613677574913387,-0.4397190292060634,0.08915973977887187,0.13120865808035842,0.3763256892415506,0.17141467068667182,-0.12461619822414272,-0.013953422603799254,0.1928754816433835,0.16050309296092058,-0.9449455140041342,0.22540503456570382,0.37986797306486686,0.8358682909884132,0.03690060575912279,-0.24871437727338286,0.06322648928713234,-0.02898552238102423,0.8101853208692082,-0.16830614345172426,-0.06298293629246118,-0.03292006205371223,-0.07059103509744658,0.03793426236585215,0.060005766196774335,-0.0523527687492414,-0.1868559277574962,-0.12851751341622863,-0.1993913894124186,-0.14105967685250625,0.07512470724860121,0.17076817130042382,1.0,1.0
32,-0.5673170699002141,-0.02746395643173516,0.17530558154728001,0.26404687351636197,-0.11054768589249475,-0.21339312815114658,0.1438220916443596,0.17401211511859804,0.02699341341555268,0.2535119745232233,-0.06352692996092779,-0.00805031603363337,0.3391257333255464,0.20817140287131353,0.09167762811818808,-0.048346832636925255,0.08802635094590583,-0.05712790758791198,0.016654156847045246,0.15511557114939944,-0.2492602902996478,-0.03279439811140794,-0.1425854914668494,0.21362280765984967,0.03375672684880442,0.12391155416636379,-0.038475919908812224,-0.11266963967819887,0.012976275025704531,0.41204598306885437,-0.23804620868807097,-0.07103337098688178,-0.20398834615518185,-0.1716249618956286,-0.12491476420474235,0.06857291658379873,-0.006921117693191564,0.14953206319508738,-0.43889506144682805,0.08688889165666927,0.08212529218766784,0.3812180135060325,0.14272533425527348,-0.12657840839107415,-0.005605069446558109,0.1857518243487664,0.13698626407131442,-0.9275449222943005,0.23649469427332423,0.31463647880222867,0.8707717650948514,0.02904327610052006,-0.2528158376000684,0.06684367698244849,0.003306214924888748,0.7963619427045021,-0.15037183368188736,-0.03466729658605969,-0.02151028655804388,-0.07626993960464339,0.043609680821512134,0.04839669788082279,-0.02945681009556264,-0.1880551926070638,-0.12987599156696583,-0.2071143602433614,-0.14667831879448331,0.076711504012408,0.18318841221570556,1.0,1.0
33,-0.5587418985900728,-0.0410216302042663,0.1303295687954353,0.22722452564323206,-0.06733906441319304,-0.15663763857132237,0.1491323093027473,0.16214181521874393,0.002016578439085321,0.35931672035382733,-0.03892505954450809,-0.037768327397966754,0.5132005350225308,0.23150090636699794,0.11284627674313602,-0.0529746135106629,0.07681113761036351,-0.05843326599761711,0.010657203173764762,0.15420589304652665,-0.21424519792022806,0.013393322991541867,-0.13910947810347896,0.21210182643795242,0.03263927715709488,0.10666303800882115,-0.04814251801666642,-0.12290172537601655,0.018311470547186293,0.37057104362196563,-0.2628394358431047,-0.050226840827042984,-0.19625348464620967,-0.17322331959032886,-0.14229855483833465,0.07903579520977046,-0.008746532141498772,0.12796664923277246,-0.449905342587606,0.0870917638082217,0.0665381211736551,0.39096290852282845,0.1404918528458962,-0.139177653276902,0.010690468640088109,0.18039010817161508,0.09659830358723909,-0.9305273224472024,0.2397387485608845,0.2662495962401028,0.8809438449803956,0.034752361853286076,-0.2371021349780702,0.0589920364544125,0.047955374703388294,0.7048568990142119,-0.09761892775704799,-0.013299792637679763,-0.011206318490122547,-0.08255890015164007,0.06364537614684755,0.03013186644503074,-0.006547885754699016,-0.17890296129684186,-0.12748733143794833,-0.20491196781065027,-0.1499601246874182,0.08127530257796245,0.18147864724261492,1.0,1.0
34,-0.4759425460509104,-0.0662379072605952,0.08522540775186321,0.14765567328620688,-0.019428092464946145,-0.11927461838053743,0.15675690139588194,0.12751366492821892,-0.012925401640537905,0.38294394398312426,-0.05153598508667301,-0.05436623156776152,0.6999760686394345,0.2214507661044549,0.1353258166007097,-0.013981605791457857,0.04800583905578715,-0.04143964913221025,-0.002854283801772714,0.14381833282840173,-0.1654952454494533,0.03047939935414091,-0.13899662565289517,0.20111773612661601,0.03298828355949975,0.07537773661820957,-0.04684219181145921,-0.13004446824063948,0.022318078917629602,0.31646337955938375,-0.25761005472542475,-0.045318574277930956,-0.2025711506730139,-0.18369024349655771,-0.1592512948189435,0.061048765261576,0.03344303602372139,-0.048589186520838545,-0.3947690021097807,0.08589213877034249,0.12246923778615826,0.370546307249469,0.12804968160685934,-0.13582082076242497,0.034675075502259886,0.31405093753423,-0.06203203680156277,-0.9373024672223267,0.25327895950965634,0.19375064085639582,0.9034886094169596,0.21871106773897175,-0.6738871741336131,-0.060572199053368914,0.14896403118956417,0.6667721824185913,-0.009567691973941155,0.010083998100486952,-0.05308685702058935,-0.01171733523367626,0.08022870825391835,0.04057911500358191,-0.02515809617390101,-0.14449013773809832,-0.12313416453228565,-0.19758461302221095,-0.17391842401916935,0.08305570247810157,0.1667065169170564,1.0,1.0
35,0.07356434439827493,0.03889817832996956,0.07247765938742588,-0.4472928416636233,0.06180380448736944,0.027049095822436083,0.21196220480608846,-0.10483597582551729,0.03169673529151458,0.8509784489782849,-0.1540181646273402,-0.15145561541553534,0.4048405478273049,-0.02249969428832288,0.13503883471634529,-0.021026199525945064,0.022914375118333608,-0.007496184313501419,-0.021468736331587145,0.1304707191359915,-0.13230178088323546,0.08638125422927537,-0.16385635868958848,0.11913991466606191,0.03420814324796796,-0.004145218187707078,-0.01727801574111934,-0.23960283202672408,-0.031979235128779315,0.13636241860434856,-0.14452679442660432,-0.047287490823754386,-0.257948768958904,-0.19559148521167677,-0.18042658867977357,0.036319517999835016,0.06293370857432794,-0.12945755874073672,-0.36343041493863526,0.043949073068229476,0.14603620166279674,0.33880156268188943,0.1516444118995384,-0.12721509675836984,0.0729029287941496,0.3369010697041468,-0.1610022023958484,-0.9510030389034541,0.2690502715546802,0.12752609828467887,0.9263020306262658,0.16696259129938398,-0.5835800172571938,-0.04893016737694459,0.2134722278443955,0.5945396297006709,0.04291138006645218,0.008056776667085524,-0.05340492748026371,-0.009947429931865677,0.07522207927200886,0.026205215312939067,-0.021225276604319894,-0.13409641948978146,-0.1266734332990176,-0.18060702862210334,-0.1701431580170216,0.10496038807327102,0.17707836550452058,0.0,1.0
36,-0.025853880119393744,0.016304559881624048,0.04404492934584903,-0.3430400341894438,0.040678546927474635,0.06959520657284123,0.21253097744515698,-0.07314811024648038,0.03767965062506934,0.9679219410793786,-0.0785618715348182,-0.14827766145411309,0.34727830039274216,-0.027704693239810396,0.1387840694817877,-0.028597621488522865,0.027194870985502106,-0.01324392766643709,-0.015473133496230461,0.13642766681098273,-0.1187252154662514,0.06494362257822824,-0.17170282602875808,0.08772816511503649,0.037243725145025344,0.01300593546140938,-0.016697789435762885,-0.2339648784294874,-0.04628401921780623,0.12186560106205206,-0.13887701100044836,-0.04560150052236667,-0.21762993163153277,-0.18797121101054448,-0.17942589510721785,0.03551863717182757,0.05743394833255752,-0.10012537161426338,-0.4036518161551618,0.055306268373668595,0.11741493027060379,0.39167962209828505,0.1732287000190404,-0.12816518553741907,0.07496542716193628,0.30930351055413174,-0.13707098935398454,-0.9595282945737614,0.25598197238353965,0.10995182776722423,0.9422549498216459,0.1278856102280863,-0.4790213803093426,-0.024414611065620123,0.17546689864408213,0.4781804968639274,0.029830506112941517,0.024579170125047456,-0.04011507233585743,-0.04797504185773989,0.08054460473088555,0.010403027161889788,0.0020774124987841956,-0.1305170580045921,-0.13248373086533083,-0.1857472434128758,-0.17968915467265703,0.10634224651947277,0.18272818770749882,0.0,1.0
37,-0.20190504482526345,0.0006919110413279306,-0.00781284603069946,-0.12834815576617573,0.007197227306342313,-0.02869527322092941,0.21876396225751907,0.029383660183304183,-0.019889915905899544,0.3019864478434334,-0.04498894024072042,-0.0738645733552744,0.9839379372808948,0.05184102718461281,0.15617148796624222,-0.0016757945307958892,0.02226983202272992,0.0004378096937574999,-0.02091122385034396,0.16697781664242273,-0.043165799275380536,0.04524054125590798,-0.16367969491617296,0.14532558331346287,0.0037833639757585695,0.021444667106338633,-0.017885401696616027,-0.11803789218088567,0.0283788593598433,0.163661456538333,-0.22076680025577955,0.010798753656236393,-0.15434228054382343,-0.1649496391166976,-0.1483642747439886,0.056700384894487636,0.0813803845053967,-0.13479266463948858,-0.3806083095337768,0.085642388400464,0.1336696535686568,0.3737979702628019,0.115379643925324,-0.12639615694575812,0.04927021366766027,0.28621785362782665,-0.09451863512585312,-0.9854332544741358,0.24500004550897533,0.08600048293602747,0.9646712785660648,0.24232981817478993,-0.4727327532334775,-0.07661205939427705,0.15743822812945038,0.4094577775495507,0.03585439775213193,0.035795296890595955,-0.032312620765440725,-0.02755597236482232,0.06454538404774393,-0.0030782011920953423,0.007847469376676694,-0.17059917861671592,-0.13908185487830838,-0.19864788799775082,-0.17983383724056223,0.11403624554430469,0.17150783170863182,0.0,1.0
38,-0.11417862495189991,0.024957458026765522,0.01667199693952349,-0.17857687634877156,-0.017973051202589962,0.010767708663605118,0.19874391287989013,-0.0037856947300962673,-0.027866347563874034,0.2702706570716342,-0.06035993285037011,-0.07530287093585486,0.9371556290084946,-0.02665521487462663,0.16514453362401077,-0.005543175728677412,0.008067215882511691,-0.0005053994185972346,-0.04061343811311192,0.15387463763206566,-0.04250847323889262,0.03494708899742092,-0.17698081486922623,0.15940763235115663,0.03818338164059247,-0.005015464127196445,-0.0260630657128372,-0.14972908472853197,0.06026475876204396,0.1422437101195561,-0.20092405159008506,0.03847300832650569,-0.18152505108477435,-0.15533748810830078,-0.12387058817238938,0.0851102468619932,0.07006223295411079,-0.0715893895002142,-0.409744646091179,0.06683969959507123,0.07089924301685202,0.4096855675789081,0.1807913744308342,-0.14672786896517342,0.044711603172528654,0.2748324729201271,-0.11917214432027379,-0.9474446423134354,0.26719651959045615,0.05303350481249014,0.9556150150034516,0.19585786425434987,-0.4422945497832518,-0.0713276302401705,0.15168097116404608,0.33036656309769197,0.04487245875188811,0.045216791184127615,-0.026649961996134675,-0.05386060763750293,0.09344853424390584,0.012643430718561444,0.05100410165556955,-0.18211498276558682,-0.12215785992452588,-0.18803686489874047,-0.16607591332739105,0.11294898888730387,0.1646430400013281,0.0,1.0
39,0.01958987819931703,0.09734754403836354,0.053263517377250574,-0.2725390728413734,0.010723858870408165,0.011227241408778213,0.18298573342041408,-0.0683053851021298,-0.04586341670517035,0.11715616928660938,-0.047068025586090245,-0.04256021382280658,0.8334866194477192,-0.04807231641406462,0.15943369382860206,-0.006530413610020364,-0.025730032613742182,0.020026520002702577,-0.05611672249610084,0.14826733096862754,-0.027850511015602274,0.04319660378290391,-0.17392689922794013,0.1753698738448371,0.04562761587639461,-0.05692223373113614,-0.020895628396217218,-0.15081554728676022,0.07754008990370398,0.09718033581320913,-0.16113582640300722,0.06708073029602879,-0.21064524151311068,-0.13745257958862858,-0.13338586606601943,0.09549897159245037,0.06511239218493867,-0.10765280988963433,-0.4285941281690877,0.026798307859727897,0.044923600028862865,0.45124028838988545,0.22547060734215338,-0.1648158051309796,0.04910139518276938,0.2936495370220401,-0.2345065536820521,-0.9209516412586595,0.2537113093089607,0.03126318374905779,0.9337303900447477,0.17814124365276635,-0.49293086085566085,-0.08314828729289725,0.09011223766543676,0.2722597954160908,0.020518538161571027,0.048603133676947505,-0.028140334578460546,-0.06572070419920731,0.07568644991196488,0.014900704682832666,0.08672462725673181,-0.16877275710466796,-0.11150991004745192,-0.17671458022741346,-0.14813115142774913,0.116042439927039,0.16472295612031942,0.0,1.0
40,0.08035285130444578,0.1341234931571016,0.08005210358736617,-0.3425694882659312,0.030683528228248713,-0.0041006281358212425,0.19493743382007364,-0.09512142563703563,-0.06449137535198067,0.09773630033404106,-0.006747035490287878,-0.05675914692231088,0.6825654422714108,-0.03806151177249184,0.1371112587969746,-0.01978859187013796,-0.03631963760518864,0.016263460902986103,-0.08269541434578245,0.15269915517704247,-0.03617958378755341,0.04740222750686467,-0.17230553346042932,0.19206484528597972,0.04535248332685609,-0.07678943761274803,-0.020352865378266916,-0.13478928028482756,0.07332749910266778,0.0867712322844871,-0.13768204033355083,0.06312694630874471,-0.2530417965897478,-0.15614547466919332,-0.1406088944165993,0.08668765779919732,0.05989571323618583,-0.13738759599139883,-0.39511851829351136,0.01679007754629406,0.04350806602029467,0.4075202769770293,0.21479574008202876,-0.15741243848223507,0.07747141709553167,0.284527438364081,-0.2969525065158276,-0.9051130949748509,0.24740904058080904,-0.005995736733328094,0.9175639037303829,0.17122372303577355,-0.6495217328530625,-0.0439070163653194,0.08788180317596753,0.24386942443306703,0.013820520941067444,0.029189990094431004,-0.05363893427276145,-0.030699397478306,0.0634051321434377,0.04023507188032749,0.07723819676248155,-0.1456226073258533,-0.10726963960898761,-0.16851443183035789,-0.15680981888843556,0.1122531373749871,0.1625343911372314,0.0,1.0
41,0.19855334985712708,0.16650952233898275,0.11025213008771681,-0.40680417655343853,0.045245459237323704,-0.02435617163954124,0.19902935728490367,-0.12898115457044845,-0.06543557982420366,-0.01657964271951338,-0.026899856300601543,-0.024944685701965893,0.4698858504428047,-0.04871974743912122,0.11698339803380119,-0.016725892349065585,-0.032343040467429196,0.02671396307012243,-0.10432365248319829,0.15431656718823406,-0.03932963338567655,0.0603425886113562,-0.15881059169841394,0.1958572147616282,0.02815541725652209,-0.0838828536610956,-0.011021809640889349,-0.11076138622374956,0.06837292997345057,0.07066588361700825,-0.1027995611871387,0.048348466587264216,-0.2718610837104945,-0.12916359416208403,-0.1464102156013123,0.07227697895117868,0.05727606707518543,-0.15500656788857614,-0.3790011193920166,0.024477474871030983,0.03768054770285523,0.40246886797753295,0.21290872405142636,-0.14025982937703052,0.09399664742286781,0.2878573122668677,-0.33827584435551517,-0.9119124180869487,0.23066432596705205,-0.036425397762057665,0.9208132612949679,0.13932891066347136,-0.7563399009827662,0.0033331945689934967,0.064611336884926,0.16539496461804193,0.007590489052767439,0.009631405945355526,-0.07318647071119422,-0.002120019313148493,0.05724435072800882,0.04403797816690802,0.07103855949722304,-0.1332538694243597,-0.1085868116360218,-0.1650648948142443,-0.1676295329232083,0.12128798541443642,0.16274066082527713,0.0,1.0
42,0.2390283069258658,0.19327104668540818,0.14614298226583428,-0.46521130614266976,0.02982458244614561,-0.07871369904061454,0.22232031311076172,-0.1572354478216662,-0.0866417639706121,-0.0497037639111958,-0.05209520959614422,-0.012534773336440404,0.2966689804908422,-0.03535986824907167,0.092039188390846,-0.02628896408700933,-0.037741344186777104,0.03320065159894646,-0.12217207182939292,0.14461069350140643,-0.04550721828842726,0.09031904480349631,-0.14607091286269336,0.21951959269120103,0.011420762952308705,-0.09364053007059692,-0.006474499930469481,-0.10026181803931422,0.07332335990232197,0.05253298945845514,-0.08839682305185591,0.030307838264701736,-0.3167578505055665,-0.13481152403488744,-0.16852984058655784,0.06258529387916467,0.0607069839336247,-0.18613329175859428,-0.360720928277926,0.019365509073572755,0.018858680079902213,0.4134377684606499,0.200109623240676,-0.14158089259029394,0.11921280363693376,0.26704438676763775,-0.39838083815222913,-0.8913201692092083,0.2087864402445232,-0.08118723606741907,0.950954565420095,0.061868766172907395,-0.8419886994461709,0.07805261621681049,0.054527465158968245,0.15619138924793452,-0.018972134817513375,-0.013012250348546365,-0.08776913180405277,0.031299342520290964,0.02038136905969728,0.04298046646619191,0.05605769642287711,-0.12314250327445597,-0.10926946590395326,-0.16382881624443132,-0.1785825283619617,0.1313802003439355,0.17246878311236277,0.0,1.0
43,0.3052324004641581,0.2181845832668241,0.17776163356341124,-0.4682608084700503,-0.007580591798823644,-0.12399516128371418,0.2272848187808763,-0.1638784042683843,-0.09256201081977662,-0.040400144284569464,-0.07504338071850092,-0.020502754538603146,0.062302781136739205,-0.03311740570235666,0.06230313007434398,-0.018443208175388644,-0.03589104012942124,0.027287765244825627,-0.14359990752479973,0.14932619952745885,-0.046275178334027396,0.1197795150429573,-0.15753386567426575,0.24146455158551325,0.0008698154610612311,-0.08371258099807899,-0.006287015396707352,-0.079861996460793,0.06186396321357801,0.0337722673873741,-0.06682691715234629,0.002134855978391581,-0.36268731681198724,-0.07886813858897698,-0.18853295510972767,0.03089081864745729,0.05873161892274491,-0.23595450104501392,-0.2871904271146703,0.03344575553257139,0.010037281225310224,0.37158638344683137,0.1824454285378562,-0.12475878983951949,0.1361887718637453,0.284014493778326,-0.43507808993629915,-0.8622011898455553,0.2030722005909164,-0.11015948998732683,0.9788243633619806,0.08207654936814006,-0.8900886600675668,0.042720132456297494,0.11873291685504016,0.23051652747056517,0.002059537364951719,-0.016202737050038378,-0.10092044914605358,0.058977051307650324,-0.015572910537549268,0.05000146726501464,0.04029563954680411,-0.12934063054531164,-0.1068699739473229,-0.15553773766119064,-0.19454095607390162,0.13268682648327235,0.16746134102058471,0.0,1.0
44,0.34527046398924627,0.21767742137341672,0.21850105740318712,-0.5006980215053403,-0.02286240112201754,-0.13837285930768475,0.19401520320455748,-0.17442297197284873,-0.0999724831321566,-0.00799463555220979,-0.07992529451998709,-0.013118697514224197,-0.055913768985323464,-0.0316400881381671,0.06433183823715675,-0.0175941327967698,-0.04007517220654999,0.01349273132099024,-0.1771132935805572,0.1431148841116392,-0.07135518901156628,0.12843580284372003,-0.16083629544552291,0.27573787312279807,0.02529075529939935,-0.1012061438683245,-0.018565015079777335,-0.09707306995457118,0.05800561194298015,0.03940046288782202,-0.08650063337510339,0.007502882285111978,-0.4080850198786813,-0.0862473313210472,-0.2026296421622631,0.02447066337376379,0.04606062179934834,-0.17643527183386443,-0.32245131346484573,0.006618491041971489,-0.040140417339632695,0.41001470746868973,0.22718802713319106,-0.1471055118293252,0.13212352408245898,0.267411489538339,-0.46277788386705065,-0.8277036489190971,0.18583620833518064,-0.13186800855565384,0.9450141749483534,-0.017603090846623648,-0.9338642406986876,0.1587160700575245,0.06613509284354335,0.25730675548146564,-0.035142329883794794,-0.01518887701110086,-0.11175506595862084,0.043689071444458626,0.027028225948233935,0.04609608495429951,0.060655570063382985,-0.1044977046290406,-0.09993739015985037,-0.15638605387428497,-0.21421773798639648,0.10451991885313228,0.1762516018536941,0.0,1.0
45,0.37972172173952756,0.2151788423420764,0.23841251525528898,-0.5383029481964479,-0.01208998243949666,-0.13431173012438924,0.17547834711022303,-0.18770961825294274,-0.09320617181113067,0.026080058243902943,-0.10014977209829756,-0.02270866358351158,-0.03655529353262249,-0.030510462077654843,0.06886483163774737,-0.026171441266875442,-0.03986592395577837,0.0158944277688928,-0.16919931716326192,0.13217149076469314,-0.09530585834798538,0.1352472932102562,-0.15807180650935293,0.2861923261928063,0.03326258451261605,-0.10817603490065797,-0.010467018477113225,-0.12867605396729864,0.06290309471575806,0.06486719696837333,-0.09467390362817985,0.011352755081575738,-0.4338189133491895,-0.10781949616967386,-0.1990702345122053,0.03476883776408911,0.03651282343118931,-0.13460960499924712,-0.3046105845937861,-0.005192328630017192,-0.06034821273733626,0.4070744791640776,0.22310581559407758,-0.15080828406245095,0.1343923763150369,0.26612838029095925,-0.45049275071195094,-0.8404207528667578,0.1762822346967682,-0.13824651497500828,0.9343613339812855,-0.08713734338833157,-1.0029860079350228,0.24879116933434628,0.017493743570654467,0.28472176747980216,-0.07703362366060147,-0.039754708257691763,-0.11719320564354363,0.05297394276856958,0.02693389684065427,0.044466117191878984,0.04928796378297206,-0.09505625718717396,-0.09792713309188139,-0.16412374587072895,-0.2091371929631882,0.10238474114212015,0.18407068916597016,0.0,1.0
46,0.4002499367565103,0.19667247506861818,0.24979774233688945,-0.538167929034859,-0.006982183449923962,-0.14521123671723193,0.16783170150745527,-0.18912949768825382,-0.08136630081046958,0.10587570716098578,-0.16004070525603842,-0.026634074745013548,0.04872122449942963,-0.025023783218988127,0.07434110981086672,-0.01907189411312599,-0.0344334933254542,0.015442902121387951,-0.15887234326709973,0.13576276766082152,-0.09853490518193345,0.12284863864735196,-0.15981705698082882,0.2804130537370084,0.02052463193990962,-0.09693293400471359,-0.009573142485351922,-0.14827082382258455,0.05640484802206469,0.07093278117416173,-0.09483049828808718,0.0019979951770867643,-0.44316070508242317,-0.11848052407954722,-0.1961895910292688,0.01880974527128606,0.0409753181838447,-0.16624013214080735,-0.297695561255884,0.004337032244451535,-0.055686023383482386,0.40981418732005204,0.20608577694155605,-0.1493412978189157,0.1354962302054252,0.2642836031001901,-0.46501703023620955,-0.8101764204105522,0.17362161006306914,-0.15876553609320743,0.9319374515072318,-0.05744229086736981,-1.0100752276790892,0.20480910091086205,0.0490335607646775,0.24941680756944695,-0.051932116418127616,-0.025189303970264202,-0.1087003026411324,0.055567937304290695,0.014981949650349108,0.040452213547740756,0.052487928229027654,-0.10509376051095194,-0.09652456364361028,-0.16304412485936723,-0.20556774765235702,0.10465489463342048,0.18403451339896854,1.0,1.0
47,0.37377475042851854,0.16790868203247333,0.23837716932526637,-0.5352786738157872,-0.00017679235011303085,-0.13205051628276537,0.15888356631937708,-0.1894959312291551,-0.07781328947066919,0.27441582589965097,-0.1754222143968227,-0.05437566856656825,0.13616400020593641,-0.014201239413256017,0.08986823664662687,-0.018525488327703548,-0.02981306858665511,0.008208473910338809,-0.13182305952658796,0.12159480858311356,-0.1125965994155824,0.12386827322098552,-0.1447264909808541,0.26367957440433104,0.03080727451420403,-0.09777180269269614,-0.010632837637791902,-0.17400529655435665,0.04909529343881758,0.08543468092414765,-0.12082527473430273,-0.014280682530221744,-0.42106440982898397,-0.1303650278377625,-0.19147703333164845,0.021384976731022756,0.026203901240710623,-0.13273425408864004,-0.348181556114046,-0.0063254479718219065,-0.06528098954799155,0.434234850169904,0.2399542641777365,-0.1385719984264171,0.1282872705674151,0.2760910562065614,-0.46270726148028785,-0.8474650013721807,0.17668051681263489,-0.14094358439181298,0.9249592385440766,-0.10627887646226129,-0.9873592058041598,0.2552192189584949,0.033065602138237,0.26386268373362376,-0.061868577303644555,-0.03027671207307842,-0.09935838303376343,0.0433854022915946,0.02286629337251272,0.023315690301470626,0.062131391285737296,-0.09367973084428638,-0.09887726317770462,-0.17439899605441486,-0.2071775800164979,0.10167604824279897,0.192214368768066,1.0,1.0
48,0.331652044499548,0.12889685845500098,0.20309243992580375,-0.5311582423297663,0.025004206502348136,-0.09204295056912078,0.15153683599686826,-0.18360024788709461,-0.05357343794299485,0.447498746845357,-0.20198391800108628,-0.07822445297639227,0.2534087329028823,-0.022532133874307858,0.11504465202380633,-0.025007067681808357,-0.022120491592915403,0.016243063526665193,-0.08666660997824703,0.10966508328402536,-0.12577332741813427,0.11270389563623333,-0.14095400245475154,0.2332219249848512,0.02422122022059195,-0.08558138732212961,0.0020397946118640847,-0.217056073915673,0.03022418313023989,0.11195738027117315,-0.12649097697701717,-0.02368101824560065,-0.40280800155234825,-0.16602159870917432,-0.1643242860254459,0.019838509398668415,0.032429971753159516,-0.12593804964223643,-0.3811322128639433,-0.01508746403198103,-0.060527534376698666,0.4598460691930223,0.2343179180318585,-0.1196105479026679,0.1168389093686962,0.3233545522587302,-0.41726376404093646,-0.8928316114988075,0.15825036148077837,-0.13173964495787005,0.9148626303546569,-0.03171315793556378,-1.0176080412549666,0.1892381548896469,-0.0005493038656328932,0.20799463524590345,-0.0803056737030354,-0.0290849292199585,-0.09149224017360602,0.03412022842747301,0.02653213115340327,0.010064388674579927,0.05923246850113916,-0.09339704819517,-0.10499128938930324,-0.18657847409893455,-0.19763472279885463,0.10449595757439423,0.2027387870623271,1.0,1.0
49,0.26044604825802525,0.09089690150610141,0.15433289290297325,-0.47936180943420326,0.045267449815475924,-0.023330763913279068,0.15985372122766303,-0.16763607838673722,-0.033736224200505475,0.6369096090283676,-0.1892380533984892,-0.1019668568185853,0.3071811958071248,-0.0241088046035538,0.12689801545258042,-0.0234539980061344,-0.014846707059387176,0.0068211183453988295,-0.041701648179466706,0.10266232877901449,-0.1258453746506493,0.0979293032145179,-0.14035504875382832,0.19107077516002957,0.02791253759459703,-0.07051207563859885,-0.0011667426395859275,-0.24764891155700525,0.014602433850506635,0.11248148766107159,-0.13049626128879602,-0.03529731583907192,-0.35661870113799504,-0.17257420122221007,-0.16534113372458492,0.02752300159231496,0.04226133939280965,-0.12258756844614105,-0.4367625053275165,0.0032457830943655734,-0.029096694503715215,0.4711634005166289,0.25434607993901276,-0.11906204866997872,0.10557387886855923,0.3538024950218363,-0.3586553011883655,-0.9420057820654001,0.18731436140579444,-0.10965298712326144,0.9199613575599617,0.046251144652624615,-1.0453341670354388,0.13469981686632862,0.044160328977314985,0.23708332190613235,-0.04203357825459245,-0.020862208285403715,-0.08475571617086342,0.027655366349124754,0.05064580843297558,0.007592776960603231,0.04875935420799339,-0.09944905418023581,-0.11149246456300554,-0.19799776538610958,-0.19695116309565153,0.11392726524028296,0.21386750578959682,1.0,0.0
50,0.18794110370972741,0.06028491775269895,0.10010252502386542,-0.39339859135788613,0.04854116254043239,0.010212061412204952,0.1574613595237628,-0.1294495579972741,-0.004450832165221386,0.7851443058002738,-0.15607724416074653,-0.12378782490390776,0.2959077311118708,-0.009243196540109855,0.12614351294532014,-0.018459023232860593,-0.0038233874049868888,0.016472996821536127,-0.0297439527178026,0.11046634006929423,-0.11627817525129892,0.09063211941595695,-0.16071737075325254,0.1652040665896922,0.028482433507496577,-0.03772189921358615,0.010378916713638518,-0.2542909492829456,-0.014755191814572965,0.10819908124066921,-0.12430522089098793,-0.04046870566305616,-0.33054690242179485,-0.17160175300360436,-0.16672773436227772,0.03528923004140717,0.05682556436185611,-0.12048677659171547,-0.42959799524332215,0.00901098152105849,-0.00393053365203988,0.4645920045293277,0.23903632457610674,-0.11847190115042627,0.09865321783457165,0.4029565773655739,-0.2785375786067741,-0.9612830153861847,0.18023203561524076,-0.06485397601918708,0.8994971377753946,0.2362745796539188,-0.9720090585954657,-0.05653841235862722,0.056079013763213094,0.27098787049953144,-0.039661625147039505,-0.0042663184326765125,-0.07687565146504283,-0.009317363876850336,0.06504844277381394,0.007395488452342391,0.041731616771112576,-0.11215869810550558,-0.11659477330593782,-0.19922414038198222,-0.19363058973874853,0.10713505601633622,0.20675874445257886,1.0,0.0
51,0.022573724557731257,0.037048808881108064,0.08780410589727972,-0.31837645819134136,0.03029297303431222,0.009786368096182519,0.19384079792874442,-0.08349946055090007,-0.013889593752469634,0.9689972988665412,-0.07719448024653963,-0.13581979590223026,0.2659912744963272,0.02082886459182376,0.12294789623260724,-0.010193711911220963,-0.003624117781559466,0.0055936903442788885,-0.029958405867536023,0.10988615058695461,-0.12428364940090765,0.07020983522142944,-0.16271880673172778,0.14787219648176775,0.021969862450542083,-0.023391572607232902,0.007408534830227978,-0.24738201804920462,-0.03139793106949851,0.12471649128391311,-0.13645604792733687,-0.0576290575523104,-0.30621807435686876,-0.19693765472194308,-0.16893797716286874,0.03379325405717693,0.07680621352931526,-0.17382933342749185,-0.4495862587522112,0.0373200234383497,0.04886492185626001,0.4859342053997381,0.22836930984787948,-0.11415746949147176,0.09223432054388066,0.41186567619200115,-0.253474176046133,-0.945241052970518,0.20985760661216538,-0.018328122853302986,0.8941615607364769,0.27414476010179717,-0.8500999134438308,-0.1174850046385515,0.1242714873462704,0.37061707350222295,0.0001844609157122098,0.031405056817007414,-0.07258300111184024,-0.01562264015966891,0.08053387495886526,0.016977054405492353,0.02143759031066278,-0.12051450756936062,-0.12515538139041849,-0.19099831294766825,-0.20869148406048324,0.10144399559782435,0.19812909367848283,1.0,0.0
52,-0.11753798996585053,0.013470425830983679,0.06647751746298633,-0.2628456901952996,0.01166012245361392,-0.00904031583496375,0.22155036819775545,-0.03603967932845564,-0.013804891858222304,1.0163675354487824,-0.03240635247632384,-0.14216261113677187,0.2584941491529534,0.04881522462468224,0.11373523472328421,-0.0023710475867518956,0.009130701844188627,-0.002458260084461698,-0.03791199303203283,0.11975087871787138,-0.11699155009950224,0.06372737073274831,-0.16713846346379246,0.13097241818379568,0.021951966475107568,0.0030829132193652686,-0.0019767366640287927,-0.21458810486832125,-0.04331115744240899,0.12871914981351948,-0.14408958090596616,-0.06338525695297692,-0.26763080015545665,-0.1911990640825313,-0.18852722833819224,0.03516398169358184,0.07392996262256177,-0.18900806172218654,-0.45793354957130383,0.06267562636646919,0.10424805075427268,0.4641950558239566,0.21430605086121984,-0.11804374792515726,0.07474935110266208,0.3748305922747996,-0.23762235839714685,-0.935110020032546,0.24160536180885014,0.05529677255205834,0.8830780959687338,0.1952706284010553,-0.6338297446041935,-0.0895686801043244,0.16530031291369898,0.3792423208641815,0.04829409517908039,0.04373038861191483,-0.05192860178262659,-0.03377067978512427,0.09082641733152394,0.011792279856325472,0.010250669621802664,-0.12225476197169281,-0.12765423087015249,-0.1826268560971435,-0.2094463666934093,0.09792166400896818,0.18586660395701454,1.0,0.0
53,-0.20756778750194244,-0.014076145433670417,0.06234571450474906,-0.17796746572628228,-0.028463167126906663,-0.013433040686359697,0.23863188379133074,0.005876935036059905,-0.0004110864702492382,0.964585752985754,-0.029959703072803157,-0.1347477156701704,0.22149351698419686,0.06066830254719835,0.1029101098033984,0.010913432297010537,0.03211134778755809,-0.02661568091025682,-0.046131434579935765,0.1272166278497211,-0.10624971794606149,0.0508767247690943,-0.16290064574247842,0.10202363001071948,0.017151715301561506,0.03913323927325796,-0.017434747852962184,-0.1725760824265132,-0.038696766007920935,0.12130183295866201,-0.14451068624780655,-0.0722610114067277,-0.20597899420046875,-0.15264061400199863,-0.16591171457927278,0.012400044432724308,0.054965391374580584,-0.14449856240913528,-0.45908035065430663,0.08523645241294965,0.12991890238194737,0.4294080918197923,0.20882781882208012,-0.08581482185206357,0.06671087650470062,0.3076979696839352,-0.1735021216740773,-0.9324244137123915,0.2551508491569688,0.11324220858914114,0.9068629891007571,0.11277761389320873,-0.5019364147138208,-0.010820936035064531,0.18732907127044285,0.4351215448705039,0.06250306479871047,0.02405038998123783,-0.04554437920580123,-0.036522804657922216,0.07859270238330845,0.022619552569681955,-8.296123439580669e-05,-0.11992065604566964,-0.1376335041663168,-0.18138654465634244,-0.20250341490721052,0.10540366912809906,0.18239120882625923,1.0,0.0
54,-0.306255028364647,-0.03611458674637835,0.06293107432261812,-0.11520531039935247,-0.053876765214559974,-0.0009728844005356537,0.24828614644457456,0.05707922209630745,0.025215595666624218,0.907924703301546,-0.002234688526436157,-0.12208727231091657,0.242005398632717,0.05607390470668139,0.10377196860482843,0.010876828343594012,0.06404166186013405,-0.04184052578694823,-0.0661782620701647,0.14012905486859561,-0.1093321760318523,2.092330715693601e-05,-0.166588342399266,0.10145752371836615,0.03902706282929058,0.07730149593485014,-0.027602496366015684,-0.1552215612913514,-0.034992673983682554,0.1529924012506724,-0.14009099124683405,-0.06625023311355083,-0.18661394157300137,-0.13041487153974213,-0.15101689684827813,0.023315296769647956,0.02144534307318876,-0.1231421767573313,-0.4729289816090961,0.10550212418419747,0.14901406004472872,0.4238414311118791,0.22914644866112022,-0.08051338774263361,0.05431805169357436,0.3123975951675924,-0.20056946576821533,-0.9212037714277076,0.24666921895188879,0.1708266931164668,0.8865232993403139,0.07765497966336965,-0.5411524628038902,0.02441002639026733,0.1576137084669109,0.4826279495365795,0.041422791241148046,0.007111581690148708,-0.038285734574096786,-0.027873944780527387,0.07615664404411975,0.01758007231496661,-0.0012235518849719976,-0.11749223390424596,-0.13433738335753187,-0.1799176037604856,-0.1892875398641961,0.09477479383559295,0.17597145084620566,1.0,0.0
55,-0.34158677204829874,-0.048493739184654494,0.06156842825292355,-0.024920972284697918,-0.09094836003386719,-0.03861709327228849,0.2326327998084085,0.1020158183289992,0.039556700727514535,0.6321699480248313,-0.018909582366840594,-0.08352429269574278,0.1954337778460866,0.04815408656305897,0.08854933572346943,0.00846383010042376,0.09172473546726456,-0.04866803887391358,-0.031011179745721686,0.13840621732795322,-0.13597530622665432,-0.009032895725582284,-0.162365607829837,0.11876008194665474,0.0357038144209686,0.1056507198019423,-0.028989190802236834,-0.11084581168693032,-0.029383006644580156,0.20583609356982988,-0.12745253661169528,-0.06780183320660638,-0.1746144769529374,-0.1061962583384461,-0.11032648709115667,0.014097597022044649,0.021294798952183166,-0.12496876620204667,-0.4470013325549927,0.1252634258865927,0.186667234415415,0.41868039564423903,0.2377895987728221,-0.056766079984003515,0.044403965065807,0.33667357232891953,-0.19783637241971697,-0.93714012935192,0.22321039559737774,0.2119789816576394,0.8706336326205423,0.10824679841282021,-0.7284086420276248,0.019817932754790074,0.12938737759830993,0.5716646945235708,-0.003067205998708793,-0.02288123859763723,-0.07288340192827314,0.014201924031762422,0.07058232969742101,0.04870062873807801,-0.0295672482211869,-0.11719439718287417,-0.1402780844636753,-0.18908336017954228,-0.19197596689958144,0.08944750148799963,0.1766940209721524,1.0,0.0
56,-0.40182873780519407,-0.05012386126083879,0.07988811661186632,0.03277830194444484,-0.11570892918631515,-0.04126619185383631,0.2362437930595384,0.1280243328113948,0.04273589122768922,0.6014199488274092,0.020524726604693733,-0.08306371079961875,0.12742801426715616,0.027018459348260082,0.09719772315868548,0.0026930930455417276,0.10130293171841642,-0.05404291018235061,-0.025854919043716562,0.1322349063185666,-0.14992875681631454,-0.02611255472978458,-0.15861732090758962,0.11969780960404282,0.03326706429181719,0.12378866367220542,-0.03333993608339355,-0.10381331791799481,-0.032740831621421496,0.22802154160021512,-0.12478400604045731,-0.07846042220941674,-0.16422144732314853,-0.11498271927374462,-0.12181534229604107,0.023348553454184517,0.008042439878851525,-0.12797851574014185,-0.45399397309741224,0.12078303112121354,0.20001633583266032,0.4121679090121908,0.23802235738924743,-0.0677437160603267,0.03580119477666455,0.34916021982234013,-0.21917877004184527,-0.9539797768169509,0.20241028001953013,0.252942777183353,0.8815394462573244,0.09059591918397258,-0.8000176126135646,0.05339229142888723,0.056013052923508874,0.6756029273021995,-0.1001411240561242,-0.02954667581265767,-0.0782949273915241,0.027633282631078906,0.06973556211224109,0.05870898155868587,-0.05573696423351176,-0.11746639552234131,-0.14021228440812794,-0.18932836518624038,-0.1843156551742681,0.0858484523988432,0.17138276290300097,1.0,0.0
57,-0.4440897089845383,-0.05925481996910542,0.1152627803126499,0.0985159340925954,-0.13473765535495352,-0.04486932424404914,0.2198237416416327,0.15144866107148625,0.03910940254903902,0.31405951864458553,-0.02404888070176292,-0.03339361688395598,0.09090228911960554,0.04119795546738736,0.08076044922282577,-0.009743148646364495,0.10398819499072443,-0.06927991375726472,0.013339257250425243,0.1498750493403933,-0.1888514884054199,-0.03419710658213584,-0.1568959109956345,0.12355027147734816,0.042389084825076806,0.12844429052902173,-0.03839845099473216,-0.07820221096801762,-0.039883738808467406,0.2955587435165945,-0.12869966190716503,-0.07321029628889031,-0.14322898986895452,-0.09991933282030635,-0.11118824366799096,0.02690336100045936,-0.005516257001849839,-0.010155322570620129,-0.45626069612782894,0.10589961690725676,0.16195910031752958,0.3931031831835047,0.21760369655879336,-0.08054784540695592,0.009015094367333802,0.2596826070961817,-0.08057228765095314,-0.9266744694867648,0.17905447140272582,0.31517797692701777,0.8670255556094569,-0.018740515088826362,-0.4258355878698481,0.1044503657828463,-0.04220599812203296,0.6596438986280049,-0.17577107702238604,-0.05041999055716607,-0.05751635651014442,-0.013664769922984788,0.0367351900923789,0.052717742028625336,-0.04467206643266389,-0.13678782673044612,-0.14293521718305713,-0.19258163543130258,-0.16131190080642765,0.08129495590932323,0.1733706725708639,1.0,0.0
58,-0.484496881165293,-0.04512580194291749,0.10321969683368017,0.19220829292729907,-0.15632790971124022,0.0002539453859884708,0.22831455831179578,0.1567778188699167,0.07363297567657374,0.09661366922827169,0.013178826320536574,-0.012934640352201324,0.0364820520530337,0.04910311580531879,0.07857678737707734,-0.02188059171281439,0.09227811414698595,-0.06088269678902252,0.06203103068829958,0.1685953403947189,-0.19973152066758842,-0.06669496932704606,-0.163940773109174,0.1135162339972005,0.045198783921498474,0.1262456060891699,-0.034390810547821386,-0.06535325663484237,-0.020901918052435464,0.32617536095961747,-0.11522063223816328,-0.03767282030153063,-0.1108747959922558,-0.08414029329954276,-0.06918837174250325,0.04551001106911568,-0.03969936362326513,0.06857419782031648,-0.4615124669791289,0.08198781604265279,0.12773425256483484,0.364766550454151,0.22443973922168636,-0.08665407727760943,-0.00041865048894920714,0.183185078554409,-0.0011292489980512244,-0.9201399866890936,0.18014941068992169,0.33045055284826264,0.8563974148698906,-0.040995884139807016,-0.2893214937089814,0.13017473429409707,-0.06991986555556784,0.7014231480110005,-0.21361772094974377,-0.046277003064943124,-0.04469849350665345,-0.03795062829281725,0.026656283573282823,0.0712930592271559,-0.03513480480195777,-0.16206857268673336,-0.14626523197970998,-0.20523839968783214,-0.14601981120658694,0.09015734333722492,0.18329999583541098,1.0,0.0
59,-0.5291066911521088,-0.04642012981074717,0.10180982411409005,0.22704517778081035,-0.16925267802305544,0.014326437285625224,0.234183092831232,0.16641298494586731,0.08566996314991904,-0.046321435683139824,0.0014233434311925475,0.02238853907279118,0.06921024241014684,0.053870450149759774,0.08726644807140628,-0.0419090758942425,0.08969372719888069,-0.06476630902466218,0.09090845614773446,0.17918240040919176,-0.21633167882927423,-0.09547450856514487,-0.16945488814385135,0.11548617709732277,0.054870983847416496,0.12923128798454253,-0.03687311250916705,-0.07504485265978432,0.0034305715122353586,0.36492271427505407,-0.11369299628148687,-0.02004919379764969,-0.11005609051734577,-0.06126944847083215,-0.014410421283555408,0.04781191654151758,-0.04582918215152027,0.08979050871267447,-0.3997206897745528,0.06729356881322256,0.11909190594191421,0.3043220100984726,0.20004603337348847,-0.07217787212538451,0.002267112095268855,0.14927191509696577,0.016673757796875854,-0.9087698467233969,0.1675913342764089,0.3550497646241293,0.8540914286249582,-0.07154021017890466,-0.29608575816744254,0.16524095880036388,-0.14412127170620082,0.7366942030312238,-0.2844651765940192,-0.06756045247395562,-0.033644410144550774,-0.01918105475752931,0.0063555335837043635,0.07343186434705218,-0.04801725329983917,-0.1676138178333771,-0.14303044030967715,-0.206017328240216,-0.1336390463320485,0.09238467160253672,0.17925362888054036,1.0,0.0
60,-0.5770225206564903,-0.050243153734367496,0.09441854249191023,0.2735852340718674,-0.15772438335344607,0.03699057912219308,0.23474248978794052,0.1741005425363662,0.0782445043125946,-0.04365585887756384,0.020036452474553545,0.0105375176880111,0.06567723684525739,0.09700337620939004,0.06834240380428402,-0.04910420578147633,0.08175979598703842,-0.06098984187604984,0.09004839268149956,0.18482103929684213,-0.2203532069053522,-0.08594167166766696,-0.16117260683959045,0.1190652519369606,0.05738833771732545,0.11943678421089876,-0.033470917957869904,-0.07188088203791734,-0.007125639976126141,0.3840253434044539,-0.12742628805251643,-0.017062147821400808,-0.11298186948739992,-0.08419470564227513,-0.06389665733562677,0.053933559479974726,-0.06859980761305992,0.13306900467794058,-0.430298577183457,0.04111661592874502,0.11223122017935916,0.3207184389439847,0.20179762982841126,-0.11685171681861428,0.0034545696694934388,0.11577405593919153,0.04966962996387214,-0.8982888504076614,0.13759155802625606,0.3797838203209165,0.8025374285088046,-0.11880164086755526,-0.28121371080789737,0.21268120454809536,-0.19891420330432813,0.721017254061568,-0.32807569244083934,-0.06999383131651901,-0.0331536730248847,-0.02080978609836058,0.011914072445271142,0.07624346496173118,-0.05180566837845128,-0.16243166540030687,-0.1450681682758188,-0.21787414947389017,-0.12902071886003724,0.09811116382578966,0.1859270000898022,1.0,1.0
61,-0.5923972240964401,-0.06860311288747334,0.1083389247821232,0.34032443589411676,-0.16580029073839797,0.020707734538905478,0.19850125385960812,0.19167597721144225,0.06887380760320148,0.02507397607383393,-0.0004151218171788429,-0.00864306103361223,0.08037876354164847,0.13470035631922106,0.06283829083781223,-0.06074598997822988,0.09426996595544446,-0.07258840410339605,0.0816787234018445,0.18387663797187437,-0.225391115273418,-0.09256161698214632,-0.16247681814376058,0.11220067195986694,0.061896623414944806,0.132036767583958,-0.04024797717544493,-0.08104747281675104,-0.01211842645443939,0.3904403611655624,-0.14519513741804702,-0.022146865759015144,-0.09845809495427381,-0.07802049647555209,-0.06992375658073624,0.06216648456536721,-0.10459814778932057,0.17118377239639404,-0.4224263541294787,0.03830350779643619,0.09112675830558414,0.31579347150115444,0.2074530980940533,-0.11049519279212272,0.014332321014519478,0.09564241740587501,0.05161636699021499,-0.8866869261213327,0.14166811011465893,0.37536943573574844,0.8118450281337053,-0.17183645890777732,-0.25509250837380737,0.25330934335230015,-0.17795920753411515,0.6627248015236322,-0.2894627664643037,-0.08297220979121173,-0.02316336701789301,-0.029357333073269945,0.00673737790275844,0.05574885255628548,-0.034410737418046296,-0.15107274148399932,-0.13717839600757675,-0.21536856431971135,-0.12170736734254207,0.09296949805384336,0.18073888487590856,1.0,1.0
62,-0.621823022719944,-0.07944463928404599,0.09026662310005792,0.30941152189460747,-0.13707081688069045,0.02745734849566727,0.21086817466606833,0.19967269849129532,0.0415532273383242,0.14244925981046302,0.019427861726827755,-0.025429400709615458,0.20406392001956225,0.1453565399666885,0.06177953507853265,-0.06804876365177565,0.09277773161963143,-0.07905345764672131,0.0803047703727107,0.18004795758990788,-0.22143049472939774,-0.05888875680393695,-0.14772126208239,0.1277814885701852,0.06152465618484363,0.13132690956788773,-0.04602777207905663,-0.09632800972910203,-0.02220425476590515,0.39631872546074576,-0.17590630979021143,-0.02047619274183088,-0.1127474697326771,-0.10037108447556634,-0.09471775487116019,0.07096263807903483,-0.11849165591313686,0.19011456775824298,-0.46172316799123053,0.038282726025138276,0.058395494319307906,0.3580079868669257,0.21294105088822082,-0.12647113537214594,0.012506658374575194,0.09397170666679948,0.05631777190940057,-0.8971260661814138,0.13094851910663324,0.35112938257689796,0.8376668438613739,-0.19581789265089636,-0.27690434548439224,0.2903500515497612,-0.2211852344317499,0.6839213946530016,-0.35030755799678137,-0.07140542791230574,-0.02504494396919643,-0.02350314916337609,0.00363590341349229,0.04787090829959939,-0.038704366212110326,-0.14490624718081663,-0.1453096476955924,-0.23044609924379816,-0.11772311989595628,0.10295651296533026,0.20154775901707195,1.0,1.0
63,-0.6013908633885698,-0.08366922492810125,0.07500561290133063,0.307125106860345,-0.13222252844341797,0.016587577207006942,0.19371832868049474,0.19081241269677918,0.017181713886338913,0.19025302494289975,0.006238053443043956,-0.03648353468190052,0.34463309649782686,0.14799628078051108,0.08588429643743875,-0.06450752031498422,0.07890557926843988,-0.06803924114199646,0.05992682825789509,0.18429676452290034,-0.2026945077937325,-0.046468852810055236,-0.1504281126950615,0.1361967808640609,0.06685006868665837,0.11495726352302671,-0.03983229568415334,-0.10472598121281329,-0.013773645964134218,0.3751052259847809,-0.20434279330899513,-0.021533468119570465,-0.12247610485626902,-0.11302892840589607,-0.07319775298127107,0.0550133105548392,-0.08003365353566258,0.17554173718128974,-0.4246756147677803,0.04301949431077175,0.02467928516923612,0.3552860898105823,0.19891076627869067,-0.12381242902409761,0.01103233779237774,0.09461364392302424,0.06881590275662797,-0.8887242149237112,0.14370826687553076,0.3024749063098846,0.8707124186309773,-0.1737603659634144,-0.2716960200927563,0.25896574408353645,-0.21762951389024746,0.7213335030206753,-0.36009479291075475,-0.05611278669961301,-0.015092485430092895,-0.027891810163804563,-0.0002372488054740466,0.042928917300689706,-0.03494852075716421,-0.15576592453680085,-0.1442631510762633,-0.22819734526229898,-0.123043667977367,0.10087364813654842,0.20159906868938768,1.0,1.0
64,-0.5652348237369013,-0.09022990894649419,0.05863626670681384,0.248368282189934,-0.09472594496077669,0.007485311152896058,0.19237826931348398,0.17487373378684956,-0.009289111618741594,0.2890650949304423,-0.00756823758536318,-0.05001920057401114,0.5442658348009711,0.15237530502892138,0.11401943305985676,-0.0652203169348264,0.0745144200725496,-0.06532455068629833,0.05507929026061145,0.1802564791970782,-0.18409479263999598,0.006713105965263064,-0.14124081996305948,0.14298845203550198,0.060846241441456624,0.1045643502011413,-0.048279797813575095,-0.1209359656937306,-0.013008162900491005,0.3495053278615826,-0.24034890898381703,-0.022273781415925287,-0.1259072522116092,-0.11933746974281621,-0.09238785054500154,0.06050534818881065,-0.06933338941124058,0.16505602620225712,-0.44210377161805703,0.048077971458686454,0.019176524079606905,0.385029738006943,0.19372939393902555,-0.1485315613274607,0.020489899929542046,0.09941595938087437,0.07005193160929846,-0.9151619963978312,0.16841475587450933,0.2910038527837573,0.9313674068361413,-0.16298929067187992,-0.22727507824441373,0.24111496387421488,-0.18221095281353505,0.6762313257979375,-0.32526008678920626,-0.0436507019508845,0.00834952795518884,-0.04207020600513759,0.0034837706403118285,0.009092688102639856,-0.015347207699810446,-0.15632606026346865,-0.14239599615472454,-0.22882227537822594,-0.11734247164787362,0.10776128877501545,0.2048464674297702,1.0,1.0
65,-0.5500642388527853,-0.08938443122892137,0.026892137667631214,0.14384945410824795,-0.07228437443052704,0.026096957527579637,0.21649375553557434,0.14840218830828156,-0.020507073402620455,0.3607976266776082,0.008467323512039382,-0.06562784231793363,0.7538866241020031,0.11480471773087775,0.14263616766104126,-0.06208125340819226,0.05681092638155549,-0.06549984346891255,0.04300714590157918,0.17747530694978897,-0.14988635050810933,0.03877964726977328,-0.1321154212904061,0.1486986191536846,0.07002587915501568,0.08063216616792568,-0.05802115893794315,-0.12504193736959038,-0.0027984906915112795,0.31730364546374584,-0.25897387830332447,-0.013267010512634902,-0.13430589372270868,-0.14798016213810597,-0.077927429588315,0.06066388835725858,-0.06190788514839415,0.10977315277403088,-0.44748199715701314,0.05346508091957103,0.010763163607559134,0.40039690125086075,0.1958147849195642,-0.14064464096530105,0.024883394654007886,0.10080778716509443,0.0109361536391408,-0.9109572983812362,0.18381949419868573,0.2386177636606368,0.94879387741659,-0.16248346348638792,-0.24394579425786977,0.2470362269345013,-0.1283755187686841,0.6757186366485084,-0.2885798506952218,-0.01694029240657132,0.015114616976364292,-0.033040962034146824,0.014305108546509716,0.00040571921415866186,-0.0019547209775885653,-0.15510650914340082,-0.14346661164932328,-0.22985090847994868,-0.12392860489741202,0.11280550244933973,0.2076387296810468,0.0,1.0
66,-0.3283472914994698,-0.06898272922846771,0.025769857699300413,-0.14874806298246518,-0.023319278629998053,0.042930588203376537,0.2618029822895864,0.028503954513032337,0.0011323014515796975,0.7260359009195382,-0.09448970196760365,-0.10258593634739578,0.7756855000903143,0.031508426416522406,0.15600449004773298,-0.059174631413869784,0.03159596507188667,-0.03408636945502371,-0.002223664339259685,0.1457128820354161,-0.1337779861531206,0.048122901966163575,-0.13153609799203592,0.12174859576251763,0.06297916501134751,0.028937224626234936,-0.04400206944146029,-0.18070335361268233,-0.009223803847433931,0.23094871737917314,-0.2514657462088742,-0.043548627331823075,-0.16202475241046446,-0.16576045560212535,-0.10381423637395404,0.041511340241508425,-0.005760450076300375,0.04287773299979891,-0.47195160434677647,0.045457719007775704,0.03574751193402759,0.4343583820706456,0.19919800187814254,-0.13620942627884736,0.03303458677074927,0.13858117477336274,-0.03845746676338058,-0.9227350347798785,0.20784772423972112,0.21650985052507332,0.9238670453008355,-0.10448617757087965,-0.23188840541880706,0.19105197580816813,-0.05063085184075098,0.6408232752460594,-0.21496708341491413,0.016535825405340848,0.029731651530250813,-0.03933658586857152,0.04428635354753032,-0.01992859508435285,-0.003540183353014097,-0.1517918292444562,-0.15177039932445013,-0.21906063743620444,-0.1383790771668529,0.1162689199857525,0.208612973424512,0.0,1.0
